nohup: ignoring input
INFO:     Will watch for changes in these directories: ['/home/sukithan/Desktop/Project_1/backend']
INFO:     Uvicorn running on http://0.0.0.0:8000 (Press CTRL+C to quit)
INFO:     Started reloader process [14246] using WatchFiles
2025-11-27 11:50:20,646 INFO sqlalchemy.engine.Engine select pg_catalog.version()
2025-11-27 11:50:20,646 INFO sqlalchemy.engine.Engine [raw sql] {}
2025-11-27 11:50:20,647 INFO sqlalchemy.engine.Engine select current_schema()
2025-11-27 11:50:20,647 INFO sqlalchemy.engine.Engine [raw sql] {}
2025-11-27 11:50:20,647 INFO sqlalchemy.engine.Engine show standard_conforming_strings
2025-11-27 11:50:20,647 INFO sqlalchemy.engine.Engine [raw sql] {}
2025-11-27 11:50:20,647 INFO sqlalchemy.engine.Engine BEGIN (implicit)
2025-11-27 11:50:20,649 INFO sqlalchemy.engine.Engine SELECT pg_catalog.pg_class.relname 
FROM pg_catalog.pg_class JOIN pg_catalog.pg_namespace ON pg_catalog.pg_namespace.oid = pg_catalog.pg_class.relnamespace 
WHERE pg_catalog.pg_class.relname = %(table_name)s AND pg_catalog.pg_class.relkind = ANY (ARRAY[%(param_1)s, %(param_2)s, %(param_3)s, %(param_4)s, %(param_5)s]) AND pg_catalog.pg_table_is_visible(pg_catalog.pg_class.oid) AND pg_catalog.pg_namespace.nspname != %(nspname_1)s
2025-11-27 11:50:20,649 INFO sqlalchemy.engine.Engine [generated in 0.00010s] {'table_name': 'users', 'param_1': 'r', 'param_2': 'p', 'param_3': 'f', 'param_4': 'v', 'param_5': 'm', 'nspname_1': 'pg_catalog'}
2025-11-27 11:50:20,650 INFO sqlalchemy.engine.Engine SELECT pg_catalog.pg_class.relname 
FROM pg_catalog.pg_class JOIN pg_catalog.pg_namespace ON pg_catalog.pg_namespace.oid = pg_catalog.pg_class.relnamespace 
WHERE pg_catalog.pg_class.relname = %(table_name)s AND pg_catalog.pg_class.relkind = ANY (ARRAY[%(param_1)s, %(param_2)s, %(param_3)s, %(param_4)s, %(param_5)s]) AND pg_catalog.pg_table_is_visible(pg_catalog.pg_class.oid) AND pg_catalog.pg_namespace.nspname != %(nspname_1)s
2025-11-27 11:50:20,650 INFO sqlalchemy.engine.Engine [cached since 0.0007504s ago] {'table_name': 'events', 'param_1': 'r', 'param_2': 'p', 'param_3': 'f', 'param_4': 'v', 'param_5': 'm', 'nspname_1': 'pg_catalog'}
2025-11-27 11:50:20,650 INFO sqlalchemy.engine.Engine SELECT pg_catalog.pg_class.relname 
FROM pg_catalog.pg_class JOIN pg_catalog.pg_namespace ON pg_catalog.pg_namespace.oid = pg_catalog.pg_class.relnamespace 
WHERE pg_catalog.pg_class.relname = %(table_name)s AND pg_catalog.pg_class.relkind = ANY (ARRAY[%(param_1)s, %(param_2)s, %(param_3)s, %(param_4)s, %(param_5)s]) AND pg_catalog.pg_table_is_visible(pg_catalog.pg_class.oid) AND pg_catalog.pg_namespace.nspname != %(nspname_1)s
2025-11-27 11:50:20,650 INFO sqlalchemy.engine.Engine [cached since 0.001041s ago] {'table_name': 'bookings', 'param_1': 'r', 'param_2': 'p', 'param_3': 'f', 'param_4': 'v', 'param_5': 'm', 'nspname_1': 'pg_catalog'}
2025-11-27 11:50:20,651 INFO sqlalchemy.engine.Engine SELECT pg_catalog.pg_class.relname 
FROM pg_catalog.pg_class JOIN pg_catalog.pg_namespace ON pg_catalog.pg_namespace.oid = pg_catalog.pg_class.relnamespace 
WHERE pg_catalog.pg_class.relname = %(table_name)s AND pg_catalog.pg_class.relkind = ANY (ARRAY[%(param_1)s, %(param_2)s, %(param_3)s, %(param_4)s, %(param_5)s]) AND pg_catalog.pg_table_is_visible(pg_catalog.pg_class.oid) AND pg_catalog.pg_namespace.nspname != %(nspname_1)s
2025-11-27 11:50:20,651 INFO sqlalchemy.engine.Engine [cached since 0.001318s ago] {'table_name': 'seats', 'param_1': 'r', 'param_2': 'p', 'param_3': 'f', 'param_4': 'v', 'param_5': 'm', 'nspname_1': 'pg_catalog'}
2025-11-27 11:50:20,651 INFO sqlalchemy.engine.Engine SELECT pg_catalog.pg_class.relname 
FROM pg_catalog.pg_class JOIN pg_catalog.pg_namespace ON pg_catalog.pg_namespace.oid = pg_catalog.pg_class.relnamespace 
WHERE pg_catalog.pg_class.relname = %(table_name)s AND pg_catalog.pg_class.relkind = ANY (ARRAY[%(param_1)s, %(param_2)s, %(param_3)s, %(param_4)s, %(param_5)s]) AND pg_catalog.pg_table_is_visible(pg_catalog.pg_class.oid) AND pg_catalog.pg_namespace.nspname != %(nspname_1)s
2025-11-27 11:50:20,651 INFO sqlalchemy.engine.Engine [cached since 0.001584s ago] {'table_name': 'seat_bookings', 'param_1': 'r', 'param_2': 'p', 'param_3': 'f', 'param_4': 'v', 'param_5': 'm', 'nspname_1': 'pg_catalog'}
2025-11-27 11:50:20,651 INFO sqlalchemy.engine.Engine SELECT pg_catalog.pg_class.relname 
FROM pg_catalog.pg_class JOIN pg_catalog.pg_namespace ON pg_catalog.pg_namespace.oid = pg_catalog.pg_class.relnamespace 
WHERE pg_catalog.pg_class.relname = %(table_name)s AND pg_catalog.pg_class.relkind = ANY (ARRAY[%(param_1)s, %(param_2)s, %(param_3)s, %(param_4)s, %(param_5)s]) AND pg_catalog.pg_table_is_visible(pg_catalog.pg_class.oid) AND pg_catalog.pg_namespace.nspname != %(nspname_1)s
2025-11-27 11:50:20,651 INFO sqlalchemy.engine.Engine [cached since 0.001859s ago] {'table_name': 'seat_locks', 'param_1': 'r', 'param_2': 'p', 'param_3': 'f', 'param_4': 'v', 'param_5': 'm', 'nspname_1': 'pg_catalog'}
2025-11-27 11:50:20,651 INFO sqlalchemy.engine.Engine COMMIT
INFO:     Started server process [14249]
INFO:     Waiting for application startup.
INFO:     Application startup complete.
INFO:     127.0.0.1:58846 - "OPTIONS /api/admin/bookings HTTP/1.1" 200 OK
WARNING:  WatchFiles detected changes in 'routes/admin.py', 'schemas.py'. Reloading...
INFO:     Shutting down
INFO:     Waiting for application shutdown.
INFO:     Application shutdown complete.
INFO:     Finished server process [14249]
2025-11-27 11:50:41,436 INFO sqlalchemy.engine.Engine select pg_catalog.version()
2025-11-27 11:50:41,437 INFO sqlalchemy.engine.Engine [raw sql] {}
2025-11-27 11:50:41,437 INFO sqlalchemy.engine.Engine select current_schema()
2025-11-27 11:50:41,437 INFO sqlalchemy.engine.Engine [raw sql] {}
2025-11-27 11:50:41,437 INFO sqlalchemy.engine.Engine show standard_conforming_strings
2025-11-27 11:50:41,437 INFO sqlalchemy.engine.Engine [raw sql] {}
2025-11-27 11:50:41,437 INFO sqlalchemy.engine.Engine BEGIN (implicit)
2025-11-27 11:50:41,439 INFO sqlalchemy.engine.Engine SELECT pg_catalog.pg_class.relname 
FROM pg_catalog.pg_class JOIN pg_catalog.pg_namespace ON pg_catalog.pg_namespace.oid = pg_catalog.pg_class.relnamespace 
WHERE pg_catalog.pg_class.relname = %(table_name)s AND pg_catalog.pg_class.relkind = ANY (ARRAY[%(param_1)s, %(param_2)s, %(param_3)s, %(param_4)s, %(param_5)s]) AND pg_catalog.pg_table_is_visible(pg_catalog.pg_class.oid) AND pg_catalog.pg_namespace.nspname != %(nspname_1)s
2025-11-27 11:50:41,439 INFO sqlalchemy.engine.Engine [generated in 0.00009s] {'table_name': 'users', 'param_1': 'r', 'param_2': 'p', 'param_3': 'f', 'param_4': 'v', 'param_5': 'm', 'nspname_1': 'pg_catalog'}
2025-11-27 11:50:41,440 INFO sqlalchemy.engine.Engine SELECT pg_catalog.pg_class.relname 
FROM pg_catalog.pg_class JOIN pg_catalog.pg_namespace ON pg_catalog.pg_namespace.oid = pg_catalog.pg_class.relnamespace 
WHERE pg_catalog.pg_class.relname = %(table_name)s AND pg_catalog.pg_class.relkind = ANY (ARRAY[%(param_1)s, %(param_2)s, %(param_3)s, %(param_4)s, %(param_5)s]) AND pg_catalog.pg_table_is_visible(pg_catalog.pg_class.oid) AND pg_catalog.pg_namespace.nspname != %(nspname_1)s
2025-11-27 11:50:41,440 INFO sqlalchemy.engine.Engine [cached since 0.0007194s ago] {'table_name': 'events', 'param_1': 'r', 'param_2': 'p', 'param_3': 'f', 'param_4': 'v', 'param_5': 'm', 'nspname_1': 'pg_catalog'}
2025-11-27 11:50:41,440 INFO sqlalchemy.engine.Engine SELECT pg_catalog.pg_class.relname 
FROM pg_catalog.pg_class JOIN pg_catalog.pg_namespace ON pg_catalog.pg_namespace.oid = pg_catalog.pg_class.relnamespace 
WHERE pg_catalog.pg_class.relname = %(table_name)s AND pg_catalog.pg_class.relkind = ANY (ARRAY[%(param_1)s, %(param_2)s, %(param_3)s, %(param_4)s, %(param_5)s]) AND pg_catalog.pg_table_is_visible(pg_catalog.pg_class.oid) AND pg_catalog.pg_namespace.nspname != %(nspname_1)s
2025-11-27 11:50:41,440 INFO sqlalchemy.engine.Engine [cached since 0.0009913s ago] {'table_name': 'bookings', 'param_1': 'r', 'param_2': 'p', 'param_3': 'f', 'param_4': 'v', 'param_5': 'm', 'nspname_1': 'pg_catalog'}
2025-11-27 11:50:41,441 INFO sqlalchemy.engine.Engine SELECT pg_catalog.pg_class.relname 
FROM pg_catalog.pg_class JOIN pg_catalog.pg_namespace ON pg_catalog.pg_namespace.oid = pg_catalog.pg_class.relnamespace 
WHERE pg_catalog.pg_class.relname = %(table_name)s AND pg_catalog.pg_class.relkind = ANY (ARRAY[%(param_1)s, %(param_2)s, %(param_3)s, %(param_4)s, %(param_5)s]) AND pg_catalog.pg_table_is_visible(pg_catalog.pg_class.oid) AND pg_catalog.pg_namespace.nspname != %(nspname_1)s
2025-11-27 11:50:41,441 INFO sqlalchemy.engine.Engine [cached since 0.001261s ago] {'table_name': 'seats', 'param_1': 'r', 'param_2': 'p', 'param_3': 'f', 'param_4': 'v', 'param_5': 'm', 'nspname_1': 'pg_catalog'}
2025-11-27 11:50:41,441 INFO sqlalchemy.engine.Engine SELECT pg_catalog.pg_class.relname 
FROM pg_catalog.pg_class JOIN pg_catalog.pg_namespace ON pg_catalog.pg_namespace.oid = pg_catalog.pg_class.relnamespace 
WHERE pg_catalog.pg_class.relname = %(table_name)s AND pg_catalog.pg_class.relkind = ANY (ARRAY[%(param_1)s, %(param_2)s, %(param_3)s, %(param_4)s, %(param_5)s]) AND pg_catalog.pg_table_is_visible(pg_catalog.pg_class.oid) AND pg_catalog.pg_namespace.nspname != %(nspname_1)s
2025-11-27 11:50:41,441 INFO sqlalchemy.engine.Engine [cached since 0.001509s ago] {'table_name': 'seat_bookings', 'param_1': 'r', 'param_2': 'p', 'param_3': 'f', 'param_4': 'v', 'param_5': 'm', 'nspname_1': 'pg_catalog'}
2025-11-27 11:50:41,441 INFO sqlalchemy.engine.Engine SELECT pg_catalog.pg_class.relname 
FROM pg_catalog.pg_class JOIN pg_catalog.pg_namespace ON pg_catalog.pg_namespace.oid = pg_catalog.pg_class.relnamespace 
WHERE pg_catalog.pg_class.relname = %(table_name)s AND pg_catalog.pg_class.relkind = ANY (ARRAY[%(param_1)s, %(param_2)s, %(param_3)s, %(param_4)s, %(param_5)s]) AND pg_catalog.pg_table_is_visible(pg_catalog.pg_class.oid) AND pg_catalog.pg_namespace.nspname != %(nspname_1)s
2025-11-27 11:50:41,441 INFO sqlalchemy.engine.Engine [cached since 0.001758s ago] {'table_name': 'seat_locks', 'param_1': 'r', 'param_2': 'p', 'param_3': 'f', 'param_4': 'v', 'param_5': 'm', 'nspname_1': 'pg_catalog'}
2025-11-27 11:50:41,441 INFO sqlalchemy.engine.Engine COMMIT
INFO:     Started server process [14363]
INFO:     Waiting for application startup.
INFO:     Application startup complete.
2025-11-27 11:50:45,966 INFO sqlalchemy.engine.Engine BEGIN (implicit)
2025-11-27 11:50:45,967 INFO sqlalchemy.engine.Engine SELECT events.id AS events_id, events.name AS events_name, events.description AS events_description, events.event_date AS events_event_date, events.location AS events_location, events.total_seats AS events_total_seats, events.available_seats AS events_available_seats, events.price AS events_price, events.image_url AS events_image_url, events.is_active AS events_is_active, events.rows AS events_rows, events.seats_per_row AS events_seats_per_row, events.created_at AS events_created_at, events.updated_at AS events_updated_at, events.created_by AS events_created_by 
FROM events ORDER BY events.created_at DESC 
 LIMIT %(param_1)s OFFSET %(param_2)s
2025-11-27 11:50:45,967 INFO sqlalchemy.engine.Engine [generated in 0.00009s] {'param_1': 100, 'param_2': 0}
2025-11-27 11:50:45,969 INFO sqlalchemy.engine.Engine ROLLBACK
INFO:     127.0.0.1:39154 - "GET /api/admin/events HTTP/1.1" 200 OK
2025-11-27 11:50:48,336 INFO sqlalchemy.engine.Engine BEGIN (implicit)
2025-11-27 11:50:48,337 INFO sqlalchemy.engine.Engine SELECT events.id AS events_id, events.name AS events_name, events.description AS events_description, events.event_date AS events_event_date, events.location AS events_location, events.total_seats AS events_total_seats, events.available_seats AS events_available_seats, events.price AS events_price, events.image_url AS events_image_url, events.is_active AS events_is_active, events.rows AS events_rows, events.seats_per_row AS events_seats_per_row, events.created_at AS events_created_at, events.updated_at AS events_updated_at, events.created_by AS events_created_by 
FROM events 
WHERE events.id = %(id_1)s 
 LIMIT %(param_1)s
2025-11-27 11:50:48,337 INFO sqlalchemy.engine.Engine [generated in 0.00010s] {'id_1': 6, 'param_1': 1}
2025-11-27 11:50:48,345 INFO sqlalchemy.engine.Engine BEGIN (implicit)
2025-11-27 11:50:48,345 INFO sqlalchemy.engine.Engine SELECT events.id AS events_id, events.name AS events_name, events.description AS events_description, events.event_date AS events_event_date, events.location AS events_location, events.total_seats AS events_total_seats, events.available_seats AS events_available_seats, events.price AS events_price, events.image_url AS events_image_url, events.is_active AS events_is_active, events.rows AS events_rows, events.seats_per_row AS events_seats_per_row, events.created_at AS events_created_at, events.updated_at AS events_updated_at, events.created_by AS events_created_by 
FROM events 
WHERE events.id = %(id_1)s 
 LIMIT %(param_1)s
2025-11-27 11:50:48,345 INFO sqlalchemy.engine.Engine [cached since 0.008215s ago] {'id_1': 6, 'param_1': 1}
2025-11-27 11:50:48,348 INFO sqlalchemy.engine.Engine SELECT bookings.id AS bookings_id, bookings.user_id AS bookings_user_id, bookings.event_id AS bookings_event_id, bookings.seats_booked AS bookings_seats_booked, bookings.booking_date AS bookings_booking_date, bookings.status AS bookings_status, bookings.total_price AS bookings_total_price, bookings.created_at AS bookings_created_at, bookings.updated_at AS bookings_updated_at 
FROM bookings 
WHERE %(param_1)s = bookings.event_id
2025-11-27 11:50:48,348 INFO sqlalchemy.engine.Engine [generated in 0.00017s] {'param_1': 6}
2025-11-27 11:50:48,350 INFO sqlalchemy.engine.Engine SELECT seat_bookings.id AS seat_bookings_id, seat_bookings.seat_id AS seat_bookings_seat_id, seats.row_number AS seats_row_number, seats.seat_number AS seats_seat_number 
FROM seat_bookings JOIN seats ON seats.id = seat_bookings.seat_id 
WHERE seat_bookings.booking_id = %(booking_id_1)s
2025-11-27 11:50:48,351 INFO sqlalchemy.engine.Engine [generated in 0.00016s] {'booking_id_1': 14}
2025-11-27 11:50:48,352 INFO sqlalchemy.engine.Engine SELECT seat_bookings.id AS seat_bookings_id, seat_bookings.seat_id AS seat_bookings_seat_id, seats.row_number AS seats_row_number, seats.seat_number AS seats_seat_number 
FROM seat_bookings JOIN seats ON seats.id = seat_bookings.seat_id 
WHERE seat_bookings.booking_id = %(booking_id_1)s
2025-11-27 11:50:48,352 INFO sqlalchemy.engine.Engine [cached since 0.00202s ago] {'booking_id_1': 13}
2025-11-27 11:50:48,353 INFO sqlalchemy.engine.Engine SELECT seat_bookings.id AS seat_bookings_id, seat_bookings.seat_id AS seat_bookings_seat_id, seats.row_number AS seats_row_number, seats.seat_number AS seats_seat_number 
FROM seat_bookings JOIN seats ON seats.id = seat_bookings.seat_id 
WHERE seat_bookings.booking_id = %(booking_id_1)s
2025-11-27 11:50:48,353 INFO sqlalchemy.engine.Engine [cached since 0.002865s ago] {'booking_id_1': 15}
2025-11-27 11:50:48,354 INFO sqlalchemy.engine.Engine SELECT seat_bookings.id AS seat_bookings_id, seat_bookings.seat_id AS seat_bookings_seat_id, seats.row_number AS seats_row_number, seats.seat_number AS seats_seat_number 
FROM seat_bookings JOIN seats ON seats.id = seat_bookings.seat_id 
WHERE seat_bookings.booking_id = %(booking_id_1)s
2025-11-27 11:50:48,354 INFO sqlalchemy.engine.Engine [cached since 0.00357s ago] {'booking_id_1': 11}
2025-11-27 11:50:48,356 INFO sqlalchemy.engine.Engine SELECT users.id AS users_id, users.email AS users_email, users.username AS users_username, users.full_name AS users_full_name, users.hashed_password AS users_hashed_password, users.is_admin AS users_is_admin, users.is_active AS users_is_active, users.created_at AS users_created_at, users.updated_at AS users_updated_at 
FROM users 
WHERE users.id = %(pk_1)s
2025-11-27 11:50:48,356 INFO sqlalchemy.engine.Engine [generated in 0.00015s] {'pk_1': 8}
2025-11-27 11:50:48,360 INFO sqlalchemy.engine.Engine SELECT users.id AS users_id, users.email AS users_email, users.username AS users_username, users.full_name AS users_full_name, users.hashed_password AS users_hashed_password, users.is_admin AS users_is_admin, users.is_active AS users_is_active, users.created_at AS users_created_at, users.updated_at AS users_updated_at 
FROM users 
WHERE users.id = %(pk_1)s
2025-11-27 11:50:48,360 INFO sqlalchemy.engine.Engine [cached since 0.004395s ago] {'pk_1': 4}
2025-11-27 11:50:48,366 INFO sqlalchemy.engine.Engine BEGIN (implicit)
2025-11-27 11:50:48,366 INFO sqlalchemy.engine.Engine SELECT events.id AS events_id, events.name AS events_name, events.description AS events_description, events.event_date AS events_event_date, events.location AS events_location, events.total_seats AS events_total_seats, events.available_seats AS events_available_seats, events.price AS events_price, events.image_url AS events_image_url, events.is_active AS events_is_active, events.rows AS events_rows, events.seats_per_row AS events_seats_per_row, events.created_at AS events_created_at, events.updated_at AS events_updated_at, events.created_by AS events_created_by 
FROM events 
WHERE events.id = %(id_1)s 
 LIMIT %(param_1)s
2025-11-27 11:50:48,366 INFO sqlalchemy.engine.Engine [cached since 0.02873s ago] {'id_1': 6, 'param_1': 1}
2025-11-27 11:50:48,367 INFO sqlalchemy.engine.Engine SELECT seats.id AS seats_id, seats.event_id AS seats_event_id, seats.row_number AS seats_row_number, seats.seat_number AS seats_seat_number, seats.is_available AS seats_is_available, seats.created_at AS seats_created_at 
FROM seats 
WHERE seats.event_id = %(event_id_1)s ORDER BY seats.row_number, seats.seat_number
2025-11-27 11:50:48,367 INFO sqlalchemy.engine.Engine [generated in 0.00007s] {'event_id_1': 6}
2025-11-27 11:50:48,370 INFO sqlalchemy.engine.Engine SELECT seat_bookings.id AS seat_bookings_id, seat_bookings.booking_id AS seat_bookings_booking_id, seat_bookings.seat_id AS seat_bookings_seat_id, seat_bookings.created_at AS seat_bookings_created_at 
FROM seat_bookings JOIN seats ON seats.id = seat_bookings.seat_id 
WHERE seats.event_id = %(event_id_1)s
2025-11-27 11:50:48,370 INFO sqlalchemy.engine.Engine [generated in 0.00008s] {'event_id_1': 6}
2025-11-27 11:50:48,371 INFO sqlalchemy.engine.Engine SELECT bookings.id AS bookings_id, bookings.user_id AS bookings_user_id, bookings.event_id AS bookings_event_id, bookings.seats_booked AS bookings_seats_booked, bookings.booking_date AS bookings_booking_date, bookings.status AS bookings_status, bookings.total_price AS bookings_total_price, bookings.created_at AS bookings_created_at, bookings.updated_at AS bookings_updated_at 
FROM bookings 
WHERE bookings.id = %(id_1)s AND bookings.status = %(status_1)s 
 LIMIT %(param_1)s
2025-11-27 11:50:48,371 INFO sqlalchemy.engine.Engine [generated in 0.00008s] {'id_1': 13, 'status_1': 'confirmed', 'param_1': 1}
2025-11-27 11:50:48,372 INFO sqlalchemy.engine.Engine SELECT bookings.id AS bookings_id, bookings.user_id AS bookings_user_id, bookings.event_id AS bookings_event_id, bookings.seats_booked AS bookings_seats_booked, bookings.booking_date AS bookings_booking_date, bookings.status AS bookings_status, bookings.total_price AS bookings_total_price, bookings.created_at AS bookings_created_at, bookings.updated_at AS bookings_updated_at 
FROM bookings 
WHERE bookings.id = %(id_1)s AND bookings.status = %(status_1)s 
 LIMIT %(param_1)s
2025-11-27 11:50:48,372 INFO sqlalchemy.engine.Engine [cached since 0.0008176s ago] {'id_1': 13, 'status_1': 'confirmed', 'param_1': 1}
2025-11-27 11:50:48,372 INFO sqlalchemy.engine.Engine SELECT bookings.id AS bookings_id, bookings.user_id AS bookings_user_id, bookings.event_id AS bookings_event_id, bookings.seats_booked AS bookings_seats_booked, bookings.booking_date AS bookings_booking_date, bookings.status AS bookings_status, bookings.total_price AS bookings_total_price, bookings.created_at AS bookings_created_at, bookings.updated_at AS bookings_updated_at 
FROM bookings 
WHERE bookings.id = %(id_1)s AND bookings.status = %(status_1)s 
 LIMIT %(param_1)s
2025-11-27 11:50:48,372 INFO sqlalchemy.engine.Engine [cached since 0.001197s ago] {'id_1': 13, 'status_1': 'confirmed', 'param_1': 1}
2025-11-27 11:50:48,373 INFO sqlalchemy.engine.Engine SELECT bookings.id AS bookings_id, bookings.user_id AS bookings_user_id, bookings.event_id AS bookings_event_id, bookings.seats_booked AS bookings_seats_booked, bookings.booking_date AS bookings_booking_date, bookings.status AS bookings_status, bookings.total_price AS bookings_total_price, bookings.created_at AS bookings_created_at, bookings.updated_at AS bookings_updated_at 
FROM bookings 
WHERE bookings.id = %(id_1)s AND bookings.status = %(status_1)s 
 LIMIT %(param_1)s
2025-11-27 11:50:48,373 INFO sqlalchemy.engine.Engine [cached since 0.001634s ago] {'id_1': 14, 'status_1': 'confirmed', 'param_1': 1}
2025-11-27 11:50:48,373 INFO sqlalchemy.engine.Engine SELECT users.id AS users_id, users.email AS users_email, users.username AS users_username, users.full_name AS users_full_name, users.hashed_password AS users_hashed_password, users.is_admin AS users_is_admin, users.is_active AS users_is_active, users.created_at AS users_created_at, users.updated_at AS users_updated_at 
FROM users 
WHERE users.id = %(id_1)s 
 LIMIT %(param_1)s
2025-11-27 11:50:48,373 INFO sqlalchemy.engine.Engine [generated in 0.00009s] {'id_1': 8, 'param_1': 1}
2025-11-27 11:50:48,374 INFO sqlalchemy.engine.Engine SELECT bookings.id AS bookings_id, bookings.user_id AS bookings_user_id, bookings.event_id AS bookings_event_id, bookings.seats_booked AS bookings_seats_booked, bookings.booking_date AS bookings_booking_date, bookings.status AS bookings_status, bookings.total_price AS bookings_total_price, bookings.created_at AS bookings_created_at, bookings.updated_at AS bookings_updated_at 
FROM bookings 
WHERE bookings.id = %(id_1)s AND bookings.status = %(status_1)s 
 LIMIT %(param_1)s
2025-11-27 11:50:48,374 INFO sqlalchemy.engine.Engine [cached since 0.003314s ago] {'id_1': 14, 'status_1': 'confirmed', 'param_1': 1}
2025-11-27 11:50:48,375 INFO sqlalchemy.engine.Engine SELECT users.id AS users_id, users.email AS users_email, users.username AS users_username, users.full_name AS users_full_name, users.hashed_password AS users_hashed_password, users.is_admin AS users_is_admin, users.is_active AS users_is_active, users.created_at AS users_created_at, users.updated_at AS users_updated_at 
FROM users 
WHERE users.id = %(id_1)s 
 LIMIT %(param_1)s
2025-11-27 11:50:48,375 INFO sqlalchemy.engine.Engine [cached since 0.001505s ago] {'id_1': 8, 'param_1': 1}
2025-11-27 11:50:48,375 INFO sqlalchemy.engine.Engine SELECT bookings.id AS bookings_id, bookings.user_id AS bookings_user_id, bookings.event_id AS bookings_event_id, bookings.seats_booked AS bookings_seats_booked, bookings.booking_date AS bookings_booking_date, bookings.status AS bookings_status, bookings.total_price AS bookings_total_price, bookings.created_at AS bookings_created_at, bookings.updated_at AS bookings_updated_at 
FROM bookings 
WHERE bookings.id = %(id_1)s AND bookings.status = %(status_1)s 
 LIMIT %(param_1)s
2025-11-27 11:50:48,375 INFO sqlalchemy.engine.Engine [cached since 0.004213s ago] {'id_1': 14, 'status_1': 'confirmed', 'param_1': 1}
2025-11-27 11:50:48,375 INFO sqlalchemy.engine.Engine SELECT users.id AS users_id, users.email AS users_email, users.username AS users_username, users.full_name AS users_full_name, users.hashed_password AS users_hashed_password, users.is_admin AS users_is_admin, users.is_active AS users_is_active, users.created_at AS users_created_at, users.updated_at AS users_updated_at 
FROM users 
WHERE users.id = %(id_1)s 
 LIMIT %(param_1)s
2025-11-27 11:50:48,376 INFO sqlalchemy.engine.Engine [cached since 0.002268s ago] {'id_1': 8, 'param_1': 1}
2025-11-27 11:50:48,376 INFO sqlalchemy.engine.Engine SELECT bookings.id AS bookings_id, bookings.user_id AS bookings_user_id, bookings.event_id AS bookings_event_id, bookings.seats_booked AS bookings_seats_booked, bookings.booking_date AS bookings_booking_date, bookings.status AS bookings_status, bookings.total_price AS bookings_total_price, bookings.created_at AS bookings_created_at, bookings.updated_at AS bookings_updated_at 
FROM bookings 
WHERE bookings.id = %(id_1)s AND bookings.status = %(status_1)s 
 LIMIT %(param_1)s
2025-11-27 11:50:48,376 INFO sqlalchemy.engine.Engine [cached since 0.004912s ago] {'id_1': 14, 'status_1': 'confirmed', 'param_1': 1}
2025-11-27 11:50:48,376 INFO sqlalchemy.engine.Engine SELECT users.id AS users_id, users.email AS users_email, users.username AS users_username, users.full_name AS users_full_name, users.hashed_password AS users_hashed_password, users.is_admin AS users_is_admin, users.is_active AS users_is_active, users.created_at AS users_created_at, users.updated_at AS users_updated_at 
FROM users 
WHERE users.id = %(id_1)s 
 LIMIT %(param_1)s
2025-11-27 11:50:48,376 INFO sqlalchemy.engine.Engine [cached since 0.002999s ago] {'id_1': 8, 'param_1': 1}
2025-11-27 11:50:48,377 INFO sqlalchemy.engine.Engine SELECT bookings.id AS bookings_id, bookings.user_id AS bookings_user_id, bookings.event_id AS bookings_event_id, bookings.seats_booked AS bookings_seats_booked, bookings.booking_date AS bookings_booking_date, bookings.status AS bookings_status, bookings.total_price AS bookings_total_price, bookings.created_at AS bookings_created_at, bookings.updated_at AS bookings_updated_at 
FROM bookings 
WHERE bookings.id = %(id_1)s AND bookings.status = %(status_1)s 
 LIMIT %(param_1)s
2025-11-27 11:50:48,377 INFO sqlalchemy.engine.Engine [cached since 0.005629s ago] {'id_1': 14, 'status_1': 'confirmed', 'param_1': 1}
2025-11-27 11:50:48,377 INFO sqlalchemy.engine.Engine SELECT users.id AS users_id, users.email AS users_email, users.username AS users_username, users.full_name AS users_full_name, users.hashed_password AS users_hashed_password, users.is_admin AS users_is_admin, users.is_active AS users_is_active, users.created_at AS users_created_at, users.updated_at AS users_updated_at 
FROM users 
WHERE users.id = %(id_1)s 
 LIMIT %(param_1)s
2025-11-27 11:50:48,377 INFO sqlalchemy.engine.Engine [cached since 0.003631s ago] {'id_1': 8, 'param_1': 1}
2025-11-27 11:50:48,377 INFO sqlalchemy.engine.Engine SELECT bookings.id AS bookings_id, bookings.user_id AS bookings_user_id, bookings.event_id AS bookings_event_id, bookings.seats_booked AS bookings_seats_booked, bookings.booking_date AS bookings_booking_date, bookings.status AS bookings_status, bookings.total_price AS bookings_total_price, bookings.created_at AS bookings_created_at, bookings.updated_at AS bookings_updated_at 
FROM bookings 
WHERE bookings.id = %(id_1)s AND bookings.status = %(status_1)s 
 LIMIT %(param_1)s
2025-11-27 11:50:48,377 INFO sqlalchemy.engine.Engine [cached since 0.006239s ago] {'id_1': 15, 'status_1': 'confirmed', 'param_1': 1}
2025-11-27 11:50:48,377 INFO sqlalchemy.engine.Engine SELECT users.id AS users_id, users.email AS users_email, users.username AS users_username, users.full_name AS users_full_name, users.hashed_password AS users_hashed_password, users.is_admin AS users_is_admin, users.is_active AS users_is_active, users.created_at AS users_created_at, users.updated_at AS users_updated_at 
FROM users 
WHERE users.id = %(id_1)s 
 LIMIT %(param_1)s
2025-11-27 11:50:48,377 INFO sqlalchemy.engine.Engine [cached since 0.004238s ago] {'id_1': 8, 'param_1': 1}
2025-11-27 11:50:48,378 INFO sqlalchemy.engine.Engine SELECT bookings.id AS bookings_id, bookings.user_id AS bookings_user_id, bookings.event_id AS bookings_event_id, bookings.seats_booked AS bookings_seats_booked, bookings.booking_date AS bookings_booking_date, bookings.status AS bookings_status, bookings.total_price AS bookings_total_price, bookings.created_at AS bookings_created_at, bookings.updated_at AS bookings_updated_at 
FROM bookings 
WHERE bookings.id = %(id_1)s AND bookings.status = %(status_1)s 
 LIMIT %(param_1)s
2025-11-27 11:50:48,378 INFO sqlalchemy.engine.Engine [cached since 0.006836s ago] {'id_1': 15, 'status_1': 'confirmed', 'param_1': 1}
2025-11-27 11:50:48,378 INFO sqlalchemy.engine.Engine SELECT users.id AS users_id, users.email AS users_email, users.username AS users_username, users.full_name AS users_full_name, users.hashed_password AS users_hashed_password, users.is_admin AS users_is_admin, users.is_active AS users_is_active, users.created_at AS users_created_at, users.updated_at AS users_updated_at 
FROM users 
WHERE users.id = %(id_1)s 
 LIMIT %(param_1)s
2025-11-27 11:50:48,378 INFO sqlalchemy.engine.Engine [cached since 0.004835s ago] {'id_1': 8, 'param_1': 1}
2025-11-27 11:50:48,379 INFO sqlalchemy.engine.Engine ROLLBACK
2025-11-27 11:50:48,379 INFO sqlalchemy.engine.Engine ROLLBACK
2025-11-27 11:50:48,379 INFO sqlalchemy.engine.Engine ROLLBACK
INFO:     127.0.0.1:39162 - "GET /api/admin/events/6/bookings HTTP/1.1" 200 OK
INFO:     127.0.0.1:39178 - "GET /api/admin/seats/event/6 HTTP/1.1" 200 OK
INFO:     127.0.0.1:39154 - "GET /api/events/6 HTTP/1.1" 200 OK
INFO:     127.0.0.1:37268 - "OPTIONS /api/admin/seats/488/booking HTTP/1.1" 200 OK
2025-11-27 11:51:02,565 INFO sqlalchemy.engine.Engine BEGIN (implicit)
2025-11-27 11:51:02,565 INFO sqlalchemy.engine.Engine SELECT seats.id AS seats_id, seats.event_id AS seats_event_id, seats.row_number AS seats_row_number, seats.seat_number AS seats_seat_number, seats.is_available AS seats_is_available, seats.created_at AS seats_created_at 
FROM seats 
WHERE seats.id = %(id_1)s 
 LIMIT %(param_1)s
2025-11-27 11:51:02,565 INFO sqlalchemy.engine.Engine [generated in 0.00008s] {'id_1': 488, 'param_1': 1}
2025-11-27 11:51:02,566 INFO sqlalchemy.engine.Engine SELECT seat_bookings.id AS seat_bookings_id, seat_bookings.booking_id AS seat_bookings_booking_id, seat_bookings.seat_id AS seat_bookings_seat_id, seat_bookings.created_at AS seat_bookings_created_at 
FROM seat_bookings 
WHERE seat_bookings.seat_id = %(seat_id_1)s 
 LIMIT %(param_1)s
2025-11-27 11:51:02,566 INFO sqlalchemy.engine.Engine [generated in 0.00007s] {'seat_id_1': 488, 'param_1': 1}
2025-11-27 11:51:02,567 INFO sqlalchemy.engine.Engine SELECT bookings.id AS bookings_id, bookings.user_id AS bookings_user_id, bookings.event_id AS bookings_event_id, bookings.seats_booked AS bookings_seats_booked, bookings.booking_date AS bookings_booking_date, bookings.status AS bookings_status, bookings.total_price AS bookings_total_price, bookings.created_at AS bookings_created_at, bookings.updated_at AS bookings_updated_at 
FROM bookings 
WHERE bookings.id = %(id_1)s 
 LIMIT %(param_1)s
2025-11-27 11:51:02,567 INFO sqlalchemy.engine.Engine [generated in 0.00007s] {'id_1': 14, 'param_1': 1}
2025-11-27 11:51:02,569 INFO sqlalchemy.engine.Engine SELECT count(*) AS count_1 
FROM (SELECT seat_bookings.id AS seat_bookings_id, seat_bookings.booking_id AS seat_bookings_booking_id, seat_bookings.seat_id AS seat_bookings_seat_id, seat_bookings.created_at AS seat_bookings_created_at 
FROM seat_bookings 
WHERE seat_bookings.booking_id = %(booking_id_1)s) AS anon_1
2025-11-27 11:51:02,569 INFO sqlalchemy.engine.Engine [generated in 0.00007s] {'booking_id_1': 14}
2025-11-27 11:51:02,569 INFO sqlalchemy.engine.Engine SELECT events.id AS events_id, events.name AS events_name, events.description AS events_description, events.event_date AS events_event_date, events.location AS events_location, events.total_seats AS events_total_seats, events.available_seats AS events_available_seats, events.price AS events_price, events.image_url AS events_image_url, events.is_active AS events_is_active, events.rows AS events_rows, events.seats_per_row AS events_seats_per_row, events.created_at AS events_created_at, events.updated_at AS events_updated_at, events.created_by AS events_created_by 
FROM events 
WHERE events.id = %(id_1)s 
 LIMIT %(param_1)s
2025-11-27 11:51:02,569 INFO sqlalchemy.engine.Engine [cached since 14.23s ago] {'id_1': 6, 'param_1': 1}
2025-11-27 11:51:02,570 INFO sqlalchemy.engine.Engine UPDATE bookings SET seats_booked=%(seats_booked)s, total_price=%(total_price)s, updated_at=now() WHERE bookings.id = %(id_1)s
2025-11-27 11:51:02,570 INFO sqlalchemy.engine.Engine [generated in 0.00007s] {'seats_booked': 4, 'total_price': 4.0, 'id_1': 14}
2025-11-27 11:51:02,571 INFO sqlalchemy.engine.Engine UPDATE events SET available_seats=(events.available_seats + %(available_seats_1)s), updated_at=now() WHERE events.id = %(id_1)s
2025-11-27 11:51:02,571 INFO sqlalchemy.engine.Engine [generated in 0.00007s] {'available_seats_1': 1, 'id_1': 6}
2025-11-27 11:51:02,572 INFO sqlalchemy.engine.Engine DELETE FROM seat_bookings WHERE seat_bookings.id = %(id)s
2025-11-27 11:51:02,572 INFO sqlalchemy.engine.Engine [generated in 0.00008s] {'id': 32}
2025-11-27 11:51:02,573 INFO sqlalchemy.engine.Engine COMMIT
INFO:     127.0.0.1:37274 - "DELETE /api/admin/seats/488/booking HTTP/1.1" 200 OK
2025-11-27 11:51:02,628 INFO sqlalchemy.engine.Engine BEGIN (implicit)
2025-11-27 11:51:02,628 INFO sqlalchemy.engine.Engine SELECT events.id AS events_id, events.name AS events_name, events.description AS events_description, events.event_date AS events_event_date, events.location AS events_location, events.total_seats AS events_total_seats, events.available_seats AS events_available_seats, events.price AS events_price, events.image_url AS events_image_url, events.is_active AS events_is_active, events.rows AS events_rows, events.seats_per_row AS events_seats_per_row, events.created_at AS events_created_at, events.updated_at AS events_updated_at, events.created_by AS events_created_by 
FROM events 
WHERE events.id = %(id_1)s 
 LIMIT %(param_1)s
2025-11-27 11:51:02,628 INFO sqlalchemy.engine.Engine [cached since 14.29s ago] {'id_1': 6, 'param_1': 1}
2025-11-27 11:51:02,629 INFO sqlalchemy.engine.Engine BEGIN (implicit)
2025-11-27 11:51:02,629 INFO sqlalchemy.engine.Engine SELECT events.id AS events_id, events.name AS events_name, events.description AS events_description, events.event_date AS events_event_date, events.location AS events_location, events.total_seats AS events_total_seats, events.available_seats AS events_available_seats, events.price AS events_price, events.image_url AS events_image_url, events.is_active AS events_is_active, events.rows AS events_rows, events.seats_per_row AS events_seats_per_row, events.created_at AS events_created_at, events.updated_at AS events_updated_at, events.created_by AS events_created_by 
FROM events 
WHERE events.id = %(id_1)s 
 LIMIT %(param_1)s
2025-11-27 11:51:02,629 INFO sqlalchemy.engine.Engine [cached since 14.29s ago] {'id_1': 6, 'param_1': 1}
2025-11-27 11:51:02,629 INFO sqlalchemy.engine.Engine SELECT bookings.id AS bookings_id, bookings.user_id AS bookings_user_id, bookings.event_id AS bookings_event_id, bookings.seats_booked AS bookings_seats_booked, bookings.booking_date AS bookings_booking_date, bookings.status AS bookings_status, bookings.total_price AS bookings_total_price, bookings.created_at AS bookings_created_at, bookings.updated_at AS bookings_updated_at 
FROM bookings 
WHERE %(param_1)s = bookings.event_id
2025-11-27 11:51:02,629 INFO sqlalchemy.engine.Engine [cached since 14.28s ago] {'param_1': 6}
2025-11-27 11:51:02,630 INFO sqlalchemy.engine.Engine SELECT seat_bookings.id AS seat_bookings_id, seat_bookings.seat_id AS seat_bookings_seat_id, seats.row_number AS seats_row_number, seats.seat_number AS seats_seat_number 
FROM seat_bookings JOIN seats ON seats.id = seat_bookings.seat_id 
WHERE seat_bookings.booking_id = %(booking_id_1)s
2025-11-27 11:51:02,630 INFO sqlalchemy.engine.Engine [cached since 14.28s ago] {'booking_id_1': 13}
2025-11-27 11:51:02,631 INFO sqlalchemy.engine.Engine SELECT seat_bookings.id AS seat_bookings_id, seat_bookings.seat_id AS seat_bookings_seat_id, seats.row_number AS seats_row_number, seats.seat_number AS seats_seat_number 
FROM seat_bookings JOIN seats ON seats.id = seat_bookings.seat_id 
WHERE seat_bookings.booking_id = %(booking_id_1)s
2025-11-27 11:51:02,631 INFO sqlalchemy.engine.Engine [cached since 14.28s ago] {'booking_id_1': 15}
2025-11-27 11:51:02,631 INFO sqlalchemy.engine.Engine SELECT seat_bookings.id AS seat_bookings_id, seat_bookings.seat_id AS seat_bookings_seat_id, seats.row_number AS seats_row_number, seats.seat_number AS seats_seat_number 
FROM seat_bookings JOIN seats ON seats.id = seat_bookings.seat_id 
WHERE seat_bookings.booking_id = %(booking_id_1)s
2025-11-27 11:51:02,631 INFO sqlalchemy.engine.Engine [cached since 14.28s ago] {'booking_id_1': 11}
2025-11-27 11:51:02,631 INFO sqlalchemy.engine.Engine SELECT seat_bookings.id AS seat_bookings_id, seat_bookings.seat_id AS seat_bookings_seat_id, seats.row_number AS seats_row_number, seats.seat_number AS seats_seat_number 
FROM seat_bookings JOIN seats ON seats.id = seat_bookings.seat_id 
WHERE seat_bookings.booking_id = %(booking_id_1)s
2025-11-27 11:51:02,631 INFO sqlalchemy.engine.Engine [cached since 14.28s ago] {'booking_id_1': 14}
2025-11-27 11:51:02,632 INFO sqlalchemy.engine.Engine SELECT users.id AS users_id, users.email AS users_email, users.username AS users_username, users.full_name AS users_full_name, users.hashed_password AS users_hashed_password, users.is_admin AS users_is_admin, users.is_active AS users_is_active, users.created_at AS users_created_at, users.updated_at AS users_updated_at 
FROM users 
WHERE users.id = %(pk_1)s
2025-11-27 11:51:02,632 INFO sqlalchemy.engine.Engine [cached since 14.28s ago] {'pk_1': 8}
2025-11-27 11:51:02,632 INFO sqlalchemy.engine.Engine SELECT users.id AS users_id, users.email AS users_email, users.username AS users_username, users.full_name AS users_full_name, users.hashed_password AS users_hashed_password, users.is_admin AS users_is_admin, users.is_active AS users_is_active, users.created_at AS users_created_at, users.updated_at AS users_updated_at 
FROM users 
WHERE users.id = %(pk_1)s
2025-11-27 11:51:02,632 INFO sqlalchemy.engine.Engine [cached since 14.28s ago] {'pk_1': 4}
2025-11-27 11:51:02,633 INFO sqlalchemy.engine.Engine BEGIN (implicit)
2025-11-27 11:51:02,633 INFO sqlalchemy.engine.Engine SELECT events.id AS events_id, events.name AS events_name, events.description AS events_description, events.event_date AS events_event_date, events.location AS events_location, events.total_seats AS events_total_seats, events.available_seats AS events_available_seats, events.price AS events_price, events.image_url AS events_image_url, events.is_active AS events_is_active, events.rows AS events_rows, events.seats_per_row AS events_seats_per_row, events.created_at AS events_created_at, events.updated_at AS events_updated_at, events.created_by AS events_created_by 
FROM events 
WHERE events.id = %(id_1)s 
 LIMIT %(param_1)s
2025-11-27 11:51:02,633 INFO sqlalchemy.engine.Engine [cached since 14.3s ago] {'id_1': 6, 'param_1': 1}
2025-11-27 11:51:02,634 INFO sqlalchemy.engine.Engine SELECT seats.id AS seats_id, seats.event_id AS seats_event_id, seats.row_number AS seats_row_number, seats.seat_number AS seats_seat_number, seats.is_available AS seats_is_available, seats.created_at AS seats_created_at 
FROM seats 
WHERE seats.event_id = %(event_id_1)s ORDER BY seats.row_number, seats.seat_number
2025-11-27 11:51:02,634 INFO sqlalchemy.engine.Engine [cached since 14.27s ago] {'event_id_1': 6}
2025-11-27 11:51:02,635 INFO sqlalchemy.engine.Engine SELECT seat_bookings.id AS seat_bookings_id, seat_bookings.booking_id AS seat_bookings_booking_id, seat_bookings.seat_id AS seat_bookings_seat_id, seat_bookings.created_at AS seat_bookings_created_at 
FROM seat_bookings JOIN seats ON seats.id = seat_bookings.seat_id 
WHERE seats.event_id = %(event_id_1)s
2025-11-27 11:51:02,635 INFO sqlalchemy.engine.Engine [cached since 14.26s ago] {'event_id_1': 6}
2025-11-27 11:51:02,635 INFO sqlalchemy.engine.Engine SELECT bookings.id AS bookings_id, bookings.user_id AS bookings_user_id, bookings.event_id AS bookings_event_id, bookings.seats_booked AS bookings_seats_booked, bookings.booking_date AS bookings_booking_date, bookings.status AS bookings_status, bookings.total_price AS bookings_total_price, bookings.created_at AS bookings_created_at, bookings.updated_at AS bookings_updated_at 
FROM bookings 
WHERE bookings.id = %(id_1)s AND bookings.status = %(status_1)s 
 LIMIT %(param_1)s
2025-11-27 11:51:02,635 INFO sqlalchemy.engine.Engine [cached since 14.26s ago] {'id_1': 13, 'status_1': 'confirmed', 'param_1': 1}
2025-11-27 11:51:02,636 INFO sqlalchemy.engine.Engine SELECT bookings.id AS bookings_id, bookings.user_id AS bookings_user_id, bookings.event_id AS bookings_event_id, bookings.seats_booked AS bookings_seats_booked, bookings.booking_date AS bookings_booking_date, bookings.status AS bookings_status, bookings.total_price AS bookings_total_price, bookings.created_at AS bookings_created_at, bookings.updated_at AS bookings_updated_at 
FROM bookings 
WHERE bookings.id = %(id_1)s AND bookings.status = %(status_1)s 
 LIMIT %(param_1)s
2025-11-27 11:51:02,636 INFO sqlalchemy.engine.Engine [cached since 14.26s ago] {'id_1': 13, 'status_1': 'confirmed', 'param_1': 1}
2025-11-27 11:51:02,636 INFO sqlalchemy.engine.Engine SELECT bookings.id AS bookings_id, bookings.user_id AS bookings_user_id, bookings.event_id AS bookings_event_id, bookings.seats_booked AS bookings_seats_booked, bookings.booking_date AS bookings_booking_date, bookings.status AS bookings_status, bookings.total_price AS bookings_total_price, bookings.created_at AS bookings_created_at, bookings.updated_at AS bookings_updated_at 
FROM bookings 
WHERE bookings.id = %(id_1)s AND bookings.status = %(status_1)s 
 LIMIT %(param_1)s
2025-11-27 11:51:02,636 INFO sqlalchemy.engine.Engine [cached since 14.27s ago] {'id_1': 13, 'status_1': 'confirmed', 'param_1': 1}
2025-11-27 11:51:02,636 INFO sqlalchemy.engine.Engine SELECT bookings.id AS bookings_id, bookings.user_id AS bookings_user_id, bookings.event_id AS bookings_event_id, bookings.seats_booked AS bookings_seats_booked, bookings.booking_date AS bookings_booking_date, bookings.status AS bookings_status, bookings.total_price AS bookings_total_price, bookings.created_at AS bookings_created_at, bookings.updated_at AS bookings_updated_at 
FROM bookings 
WHERE bookings.id = %(id_1)s AND bookings.status = %(status_1)s 
 LIMIT %(param_1)s
2025-11-27 11:51:02,636 INFO sqlalchemy.engine.Engine [cached since 14.27s ago] {'id_1': 14, 'status_1': 'confirmed', 'param_1': 1}
2025-11-27 11:51:02,637 INFO sqlalchemy.engine.Engine SELECT users.id AS users_id, users.email AS users_email, users.username AS users_username, users.full_name AS users_full_name, users.hashed_password AS users_hashed_password, users.is_admin AS users_is_admin, users.is_active AS users_is_active, users.created_at AS users_created_at, users.updated_at AS users_updated_at 
FROM users 
WHERE users.id = %(id_1)s 
 LIMIT %(param_1)s
2025-11-27 11:51:02,637 INFO sqlalchemy.engine.Engine [cached since 14.26s ago] {'id_1': 8, 'param_1': 1}
2025-11-27 11:51:02,637 INFO sqlalchemy.engine.Engine SELECT bookings.id AS bookings_id, bookings.user_id AS bookings_user_id, bookings.event_id AS bookings_event_id, bookings.seats_booked AS bookings_seats_booked, bookings.booking_date AS bookings_booking_date, bookings.status AS bookings_status, bookings.total_price AS bookings_total_price, bookings.created_at AS bookings_created_at, bookings.updated_at AS bookings_updated_at 
FROM bookings 
WHERE bookings.id = %(id_1)s AND bookings.status = %(status_1)s 
 LIMIT %(param_1)s
2025-11-27 11:51:02,637 INFO sqlalchemy.engine.Engine [cached since 14.27s ago] {'id_1': 14, 'status_1': 'confirmed', 'param_1': 1}
2025-11-27 11:51:02,637 INFO sqlalchemy.engine.Engine SELECT users.id AS users_id, users.email AS users_email, users.username AS users_username, users.full_name AS users_full_name, users.hashed_password AS users_hashed_password, users.is_admin AS users_is_admin, users.is_active AS users_is_active, users.created_at AS users_created_at, users.updated_at AS users_updated_at 
FROM users 
WHERE users.id = %(id_1)s 
 LIMIT %(param_1)s
2025-11-27 11:51:02,637 INFO sqlalchemy.engine.Engine [cached since 14.26s ago] {'id_1': 8, 'param_1': 1}
2025-11-27 11:51:02,638 INFO sqlalchemy.engine.Engine SELECT bookings.id AS bookings_id, bookings.user_id AS bookings_user_id, bookings.event_id AS bookings_event_id, bookings.seats_booked AS bookings_seats_booked, bookings.booking_date AS bookings_booking_date, bookings.status AS bookings_status, bookings.total_price AS bookings_total_price, bookings.created_at AS bookings_created_at, bookings.updated_at AS bookings_updated_at 
FROM bookings 
WHERE bookings.id = %(id_1)s AND bookings.status = %(status_1)s 
 LIMIT %(param_1)s
2025-11-27 11:51:02,638 INFO sqlalchemy.engine.Engine [cached since 14.27s ago] {'id_1': 14, 'status_1': 'confirmed', 'param_1': 1}
2025-11-27 11:51:02,638 INFO sqlalchemy.engine.Engine SELECT users.id AS users_id, users.email AS users_email, users.username AS users_username, users.full_name AS users_full_name, users.hashed_password AS users_hashed_password, users.is_admin AS users_is_admin, users.is_active AS users_is_active, users.created_at AS users_created_at, users.updated_at AS users_updated_at 
FROM users 
WHERE users.id = %(id_1)s 
 LIMIT %(param_1)s
2025-11-27 11:51:02,638 INFO sqlalchemy.engine.Engine [cached since 14.26s ago] {'id_1': 8, 'param_1': 1}
2025-11-27 11:51:02,638 INFO sqlalchemy.engine.Engine SELECT bookings.id AS bookings_id, bookings.user_id AS bookings_user_id, bookings.event_id AS bookings_event_id, bookings.seats_booked AS bookings_seats_booked, bookings.booking_date AS bookings_booking_date, bookings.status AS bookings_status, bookings.total_price AS bookings_total_price, bookings.created_at AS bookings_created_at, bookings.updated_at AS bookings_updated_at 
FROM bookings 
WHERE bookings.id = %(id_1)s AND bookings.status = %(status_1)s 
 LIMIT %(param_1)s
2025-11-27 11:51:02,638 INFO sqlalchemy.engine.Engine [cached since 14.27s ago] {'id_1': 14, 'status_1': 'confirmed', 'param_1': 1}
2025-11-27 11:51:02,639 INFO sqlalchemy.engine.Engine SELECT users.id AS users_id, users.email AS users_email, users.username AS users_username, users.full_name AS users_full_name, users.hashed_password AS users_hashed_password, users.is_admin AS users_is_admin, users.is_active AS users_is_active, users.created_at AS users_created_at, users.updated_at AS users_updated_at 
FROM users 
WHERE users.id = %(id_1)s 
 LIMIT %(param_1)s
2025-11-27 11:51:02,639 INFO sqlalchemy.engine.Engine [cached since 14.27s ago] {'id_1': 8, 'param_1': 1}
2025-11-27 11:51:02,639 INFO sqlalchemy.engine.Engine SELECT bookings.id AS bookings_id, bookings.user_id AS bookings_user_id, bookings.event_id AS bookings_event_id, bookings.seats_booked AS bookings_seats_booked, bookings.booking_date AS bookings_booking_date, bookings.status AS bookings_status, bookings.total_price AS bookings_total_price, bookings.created_at AS bookings_created_at, bookings.updated_at AS bookings_updated_at 
FROM bookings 
WHERE bookings.id = %(id_1)s AND bookings.status = %(status_1)s 
 LIMIT %(param_1)s
2025-11-27 11:51:02,639 INFO sqlalchemy.engine.Engine [cached since 14.27s ago] {'id_1': 15, 'status_1': 'confirmed', 'param_1': 1}
2025-11-27 11:51:02,639 INFO sqlalchemy.engine.Engine SELECT users.id AS users_id, users.email AS users_email, users.username AS users_username, users.full_name AS users_full_name, users.hashed_password AS users_hashed_password, users.is_admin AS users_is_admin, users.is_active AS users_is_active, users.created_at AS users_created_at, users.updated_at AS users_updated_at 
FROM users 
WHERE users.id = %(id_1)s 
 LIMIT %(param_1)s
2025-11-27 11:51:02,639 INFO sqlalchemy.engine.Engine [cached since 14.27s ago] {'id_1': 8, 'param_1': 1}
2025-11-27 11:51:02,640 INFO sqlalchemy.engine.Engine SELECT bookings.id AS bookings_id, bookings.user_id AS bookings_user_id, bookings.event_id AS bookings_event_id, bookings.seats_booked AS bookings_seats_booked, bookings.booking_date AS bookings_booking_date, bookings.status AS bookings_status, bookings.total_price AS bookings_total_price, bookings.created_at AS bookings_created_at, bookings.updated_at AS bookings_updated_at 
FROM bookings 
WHERE bookings.id = %(id_1)s AND bookings.status = %(status_1)s 
 LIMIT %(param_1)s
2025-11-27 11:51:02,640 INFO sqlalchemy.engine.Engine [cached since 14.27s ago] {'id_1': 15, 'status_1': 'confirmed', 'param_1': 1}
2025-11-27 11:51:02,640 INFO sqlalchemy.engine.Engine SELECT users.id AS users_id, users.email AS users_email, users.username AS users_username, users.full_name AS users_full_name, users.hashed_password AS users_hashed_password, users.is_admin AS users_is_admin, users.is_active AS users_is_active, users.created_at AS users_created_at, users.updated_at AS users_updated_at 
FROM users 
WHERE users.id = %(id_1)s 
 LIMIT %(param_1)s
2025-11-27 11:51:02,640 INFO sqlalchemy.engine.Engine [cached since 14.27s ago] {'id_1': 8, 'param_1': 1}
2025-11-27 11:51:02,641 INFO sqlalchemy.engine.Engine ROLLBACK
2025-11-27 11:51:02,641 INFO sqlalchemy.engine.Engine ROLLBACK
2025-11-27 11:51:02,641 INFO sqlalchemy.engine.Engine ROLLBACK
INFO:     127.0.0.1:37282 - "GET /api/admin/seats/event/6 HTTP/1.1" 200 OK
INFO:     127.0.0.1:37268 - "GET /api/admin/events/6/bookings HTTP/1.1" 200 OK
INFO:     127.0.0.1:37274 - "GET /api/events/6 HTTP/1.1" 200 OK
DEBUG: Using current admin user: id=0, username=Admin
2025-11-27 11:51:14,983 INFO sqlalchemy.engine.Engine BEGIN (implicit)
2025-11-27 11:51:14,983 INFO sqlalchemy.engine.Engine SELECT events.id AS events_id, events.name AS events_name, events.description AS events_description, events.event_date AS events_event_date, events.location AS events_location, events.total_seats AS events_total_seats, events.available_seats AS events_available_seats, events.price AS events_price, events.image_url AS events_image_url, events.is_active AS events_is_active, events.rows AS events_rows, events.seats_per_row AS events_seats_per_row, events.created_at AS events_created_at, events.updated_at AS events_updated_at, events.created_by AS events_created_by 
FROM events 
WHERE events.id = %(id_1)s 
 LIMIT %(param_1)s
2025-11-27 11:51:14,983 INFO sqlalchemy.engine.Engine [cached since 26.65s ago] {'id_1': 6, 'param_1': 1}
2025-11-27 11:51:14,984 INFO sqlalchemy.engine.Engine SELECT seats.id AS seats_id, seats.event_id AS seats_event_id, seats.row_number AS seats_row_number, seats.seat_number AS seats_seat_number, seats.is_available AS seats_is_available, seats.created_at AS seats_created_at 
FROM seats 
WHERE seats.id IN (%(id_1_1)s) AND seats.event_id = %(event_id_1)s
2025-11-27 11:51:14,984 INFO sqlalchemy.engine.Engine [generated in 0.00009s] {'event_id_1': 6, 'id_1_1': 485}
2025-11-27 11:51:14,985 INFO sqlalchemy.engine.Engine SELECT seat_bookings.id AS seat_bookings_id, seat_bookings.booking_id AS seat_bookings_booking_id, seat_bookings.seat_id AS seat_bookings_seat_id, seat_bookings.created_at AS seat_bookings_created_at 
FROM seat_bookings JOIN bookings ON bookings.id = seat_bookings.booking_id 
WHERE seat_bookings.seat_id = %(seat_id_1)s AND bookings.status = %(status_1)s 
 LIMIT %(param_1)s
2025-11-27 11:51:14,985 INFO sqlalchemy.engine.Engine [generated in 0.00006s] {'seat_id_1': 485, 'status_1': 'confirmed', 'param_1': 1}
2025-11-27 11:51:14,986 INFO sqlalchemy.engine.Engine INSERT INTO bookings (user_id, event_id, seats_booked, status, total_price, updated_at) VALUES (%(user_id)s, %(event_id)s, %(seats_booked)s, %(status)s, %(total_price)s, %(updated_at)s) RETURNING bookings.id, bookings.booking_date, bookings.created_at
2025-11-27 11:51:14,986 INFO sqlalchemy.engine.Engine [generated in 0.00007s] {'user_id': 0, 'event_id': 6, 'seats_booked': 1, 'status': 'confirmed', 'total_price': 1.0, 'updated_at': None}
2025-11-27 11:51:14,986 INFO sqlalchemy.engine.Engine ROLLBACK
INFO:     127.0.0.1:50474 - "POST /api/admin/bookings HTTP/1.1" 500 Internal Server Error
ERROR:    Exception in ASGI application
Traceback (most recent call last):
  File "/home/sukithan/Desktop/Project_1/backend_venv/lib/python3.12/site-packages/sqlalchemy/engine/base.py", line 1969, in _exec_single_context
    self.dialect.do_execute(
  File "/home/sukithan/Desktop/Project_1/backend_venv/lib/python3.12/site-packages/sqlalchemy/engine/default.py", line 922, in do_execute
    cursor.execute(statement, parameters)
psycopg2.errors.ForeignKeyViolation: insert or update on table "bookings" violates foreign key constraint "bookings_user_id_fkey"
DETAIL:  Key (user_id)=(0) is not present in table "users".


The above exception was the direct cause of the following exception:

Traceback (most recent call last):
  File "/home/sukithan/Desktop/Project_1/backend_venv/lib/python3.12/site-packages/uvicorn/protocols/http/httptools_impl.py", line 419, in run_asgi
    result = await app(  # type: ignore[func-returns-value]
             ^^^^^^^^^^^^^^^^^^^^^^^^^^^^^^^^^^^^^^^^^^^^^^
  File "/home/sukithan/Desktop/Project_1/backend_venv/lib/python3.12/site-packages/uvicorn/middleware/proxy_headers.py", line 84, in __call__
    return await self.app(scope, receive, send)
           ^^^^^^^^^^^^^^^^^^^^^^^^^^^^^^^^^^^^
  File "/home/sukithan/Desktop/Project_1/backend_venv/lib/python3.12/site-packages/fastapi/applications.py", line 1054, in __call__
    await super().__call__(scope, receive, send)
  File "/home/sukithan/Desktop/Project_1/backend_venv/lib/python3.12/site-packages/starlette/applications.py", line 123, in __call__
    await self.middleware_stack(scope, receive, send)
  File "/home/sukithan/Desktop/Project_1/backend_venv/lib/python3.12/site-packages/starlette/middleware/errors.py", line 186, in __call__
    raise exc
  File "/home/sukithan/Desktop/Project_1/backend_venv/lib/python3.12/site-packages/starlette/middleware/errors.py", line 164, in __call__
    await self.app(scope, receive, _send)
  File "/home/sukithan/Desktop/Project_1/backend_venv/lib/python3.12/site-packages/starlette/middleware/cors.py", line 91, in __call__
    await self.simple_response(scope, receive, send, request_headers=headers)
  File "/home/sukithan/Desktop/Project_1/backend_venv/lib/python3.12/site-packages/starlette/middleware/cors.py", line 146, in simple_response
    await self.app(scope, receive, send)
  File "/home/sukithan/Desktop/Project_1/backend_venv/lib/python3.12/site-packages/starlette/middleware/exceptions.py", line 62, in __call__
    await wrap_app_handling_exceptions(self.app, conn)(scope, receive, send)
  File "/home/sukithan/Desktop/Project_1/backend_venv/lib/python3.12/site-packages/starlette/_exception_handler.py", line 64, in wrapped_app
    raise exc
  File "/home/sukithan/Desktop/Project_1/backend_venv/lib/python3.12/site-packages/starlette/_exception_handler.py", line 53, in wrapped_app
    await app(scope, receive, sender)
  File "/home/sukithan/Desktop/Project_1/backend_venv/lib/python3.12/site-packages/starlette/routing.py", line 762, in __call__
    await self.middleware_stack(scope, receive, send)
  File "/home/sukithan/Desktop/Project_1/backend_venv/lib/python3.12/site-packages/starlette/routing.py", line 782, in app
    await route.handle(scope, receive, send)
  File "/home/sukithan/Desktop/Project_1/backend_venv/lib/python3.12/site-packages/starlette/routing.py", line 297, in handle
    await self.app(scope, receive, send)
  File "/home/sukithan/Desktop/Project_1/backend_venv/lib/python3.12/site-packages/starlette/routing.py", line 77, in app
    await wrap_app_handling_exceptions(app, request)(scope, receive, send)
  File "/home/sukithan/Desktop/Project_1/backend_venv/lib/python3.12/site-packages/starlette/_exception_handler.py", line 64, in wrapped_app
    raise exc
  File "/home/sukithan/Desktop/Project_1/backend_venv/lib/python3.12/site-packages/starlette/_exception_handler.py", line 53, in wrapped_app
    await app(scope, receive, sender)
  File "/home/sukithan/Desktop/Project_1/backend_venv/lib/python3.12/site-packages/starlette/routing.py", line 72, in app
    response = await func(request)
               ^^^^^^^^^^^^^^^^^^^
  File "/home/sukithan/Desktop/Project_1/backend_venv/lib/python3.12/site-packages/fastapi/routing.py", line 299, in app
    raise e
  File "/home/sukithan/Desktop/Project_1/backend_venv/lib/python3.12/site-packages/fastapi/routing.py", line 294, in app
    raw_response = await run_endpoint_function(
                   ^^^^^^^^^^^^^^^^^^^^^^^^^^^^
  File "/home/sukithan/Desktop/Project_1/backend_venv/lib/python3.12/site-packages/fastapi/routing.py", line 191, in run_endpoint_function
    return await dependant.call(**values)
           ^^^^^^^^^^^^^^^^^^^^^^^^^^^^^^
  File "/home/sukithan/Desktop/Project_1/backend/routes/admin.py", line 251, in create_booking_admin
    db.flush()
  File "/home/sukithan/Desktop/Project_1/backend_venv/lib/python3.12/site-packages/sqlalchemy/orm/session.py", line 4312, in flush
    self._flush(objects)
  File "/home/sukithan/Desktop/Project_1/backend_venv/lib/python3.12/site-packages/sqlalchemy/orm/session.py", line 4447, in _flush
    with util.safe_reraise():
  File "/home/sukithan/Desktop/Project_1/backend_venv/lib/python3.12/site-packages/sqlalchemy/util/langhelpers.py", line 146, in __exit__
    raise exc_value.with_traceback(exc_tb)
  File "/home/sukithan/Desktop/Project_1/backend_venv/lib/python3.12/site-packages/sqlalchemy/orm/session.py", line 4408, in _flush
    flush_context.execute()
  File "/home/sukithan/Desktop/Project_1/backend_venv/lib/python3.12/site-packages/sqlalchemy/orm/unitofwork.py", line 466, in execute
    rec.execute(self)
  File "/home/sukithan/Desktop/Project_1/backend_venv/lib/python3.12/site-packages/sqlalchemy/orm/unitofwork.py", line 642, in execute
    util.preloaded.orm_persistence.save_obj(
  File "/home/sukithan/Desktop/Project_1/backend_venv/lib/python3.12/site-packages/sqlalchemy/orm/persistence.py", line 93, in save_obj
    _emit_insert_statements(
  File "/home/sukithan/Desktop/Project_1/backend_venv/lib/python3.12/site-packages/sqlalchemy/orm/persistence.py", line 1227, in _emit_insert_statements
    result = connection.execute(
             ^^^^^^^^^^^^^^^^^^^
  File "/home/sukithan/Desktop/Project_1/backend_venv/lib/python3.12/site-packages/sqlalchemy/engine/base.py", line 1416, in execute
    return meth(
           ^^^^^
  File "/home/sukithan/Desktop/Project_1/backend_venv/lib/python3.12/site-packages/sqlalchemy/sql/elements.py", line 517, in _execute_on_connection
    return connection._execute_clauseelement(
           ^^^^^^^^^^^^^^^^^^^^^^^^^^^^^^^^^^
  File "/home/sukithan/Desktop/Project_1/backend_venv/lib/python3.12/site-packages/sqlalchemy/engine/base.py", line 1639, in _execute_clauseelement
    ret = self._execute_context(
          ^^^^^^^^^^^^^^^^^^^^^^
  File "/home/sukithan/Desktop/Project_1/backend_venv/lib/python3.12/site-packages/sqlalchemy/engine/base.py", line 1848, in _execute_context
    return self._exec_single_context(
           ^^^^^^^^^^^^^^^^^^^^^^^^^^
  File "/home/sukithan/Desktop/Project_1/backend_venv/lib/python3.12/site-packages/sqlalchemy/engine/base.py", line 1988, in _exec_single_context
    self._handle_dbapi_exception(
  File "/home/sukithan/Desktop/Project_1/backend_venv/lib/python3.12/site-packages/sqlalchemy/engine/base.py", line 2344, in _handle_dbapi_exception
    raise sqlalchemy_exception.with_traceback(exc_info[2]) from e
  File "/home/sukithan/Desktop/Project_1/backend_venv/lib/python3.12/site-packages/sqlalchemy/engine/base.py", line 1969, in _exec_single_context
    self.dialect.do_execute(
  File "/home/sukithan/Desktop/Project_1/backend_venv/lib/python3.12/site-packages/sqlalchemy/engine/default.py", line 922, in do_execute
    cursor.execute(statement, parameters)
sqlalchemy.exc.IntegrityError: (psycopg2.errors.ForeignKeyViolation) insert or update on table "bookings" violates foreign key constraint "bookings_user_id_fkey"
DETAIL:  Key (user_id)=(0) is not present in table "users".

[SQL: INSERT INTO bookings (user_id, event_id, seats_booked, status, total_price, updated_at) VALUES (%(user_id)s, %(event_id)s, %(seats_booked)s, %(status)s, %(total_price)s, %(updated_at)s) RETURNING bookings.id, bookings.booking_date, bookings.created_at]
[parameters: {'user_id': 0, 'event_id': 6, 'seats_booked': 1, 'status': 'confirmed', 'total_price': 1.0, 'updated_at': None}]
(Background on this error at: https://sqlalche.me/e/20/gkpj)
DEBUG: Using current admin user: id=0, username=Admin
2025-11-27 11:51:31,197 INFO sqlalchemy.engine.Engine BEGIN (implicit)
2025-11-27 11:51:31,197 INFO sqlalchemy.engine.Engine SELECT events.id AS events_id, events.name AS events_name, events.description AS events_description, events.event_date AS events_event_date, events.location AS events_location, events.total_seats AS events_total_seats, events.available_seats AS events_available_seats, events.price AS events_price, events.image_url AS events_image_url, events.is_active AS events_is_active, events.rows AS events_rows, events.seats_per_row AS events_seats_per_row, events.created_at AS events_created_at, events.updated_at AS events_updated_at, events.created_by AS events_created_by 
FROM events 
WHERE events.id = %(id_1)s 
 LIMIT %(param_1)s
2025-11-27 11:51:31,197 INFO sqlalchemy.engine.Engine [cached since 42.86s ago] {'id_1': 6, 'param_1': 1}
2025-11-27 11:51:31,199 INFO sqlalchemy.engine.Engine SELECT seats.id AS seats_id, seats.event_id AS seats_event_id, seats.row_number AS seats_row_number, seats.seat_number AS seats_seat_number, seats.is_available AS seats_is_available, seats.created_at AS seats_created_at 
FROM seats 
WHERE seats.id IN (%(id_1_1)s) AND seats.event_id = %(event_id_1)s
2025-11-27 11:51:31,199 INFO sqlalchemy.engine.Engine [cached since 16.21s ago] {'event_id_1': 6, 'id_1_1': 460}
2025-11-27 11:51:31,199 INFO sqlalchemy.engine.Engine SELECT seat_bookings.id AS seat_bookings_id, seat_bookings.booking_id AS seat_bookings_booking_id, seat_bookings.seat_id AS seat_bookings_seat_id, seat_bookings.created_at AS seat_bookings_created_at 
FROM seat_bookings JOIN bookings ON bookings.id = seat_bookings.booking_id 
WHERE seat_bookings.seat_id = %(seat_id_1)s AND bookings.status = %(status_1)s 
 LIMIT %(param_1)s
2025-11-27 11:51:31,199 INFO sqlalchemy.engine.Engine [cached since 16.21s ago] {'seat_id_1': 460, 'status_1': 'confirmed', 'param_1': 1}
2025-11-27 11:51:31,200 INFO sqlalchemy.engine.Engine INSERT INTO bookings (user_id, event_id, seats_booked, status, total_price, updated_at) VALUES (%(user_id)s, %(event_id)s, %(seats_booked)s, %(status)s, %(total_price)s, %(updated_at)s) RETURNING bookings.id, bookings.booking_date, bookings.created_at
2025-11-27 11:51:31,200 INFO sqlalchemy.engine.Engine [cached since 16.21s ago] {'user_id': 0, 'event_id': 6, 'seats_booked': 1, 'status': 'confirmed', 'total_price': 1.0, 'updated_at': None}
2025-11-27 11:51:31,200 INFO sqlalchemy.engine.Engine ROLLBACK
INFO:     127.0.0.1:53826 - "POST /api/admin/bookings HTTP/1.1" 500 Internal Server Error
ERROR:    Exception in ASGI application
Traceback (most recent call last):
  File "/home/sukithan/Desktop/Project_1/backend_venv/lib/python3.12/site-packages/sqlalchemy/engine/base.py", line 1969, in _exec_single_context
    self.dialect.do_execute(
  File "/home/sukithan/Desktop/Project_1/backend_venv/lib/python3.12/site-packages/sqlalchemy/engine/default.py", line 922, in do_execute
    cursor.execute(statement, parameters)
psycopg2.errors.ForeignKeyViolation: insert or update on table "bookings" violates foreign key constraint "bookings_user_id_fkey"
DETAIL:  Key (user_id)=(0) is not present in table "users".


The above exception was the direct cause of the following exception:

Traceback (most recent call last):
  File "/home/sukithan/Desktop/Project_1/backend_venv/lib/python3.12/site-packages/uvicorn/protocols/http/httptools_impl.py", line 419, in run_asgi
    result = await app(  # type: ignore[func-returns-value]
             ^^^^^^^^^^^^^^^^^^^^^^^^^^^^^^^^^^^^^^^^^^^^^^
  File "/home/sukithan/Desktop/Project_1/backend_venv/lib/python3.12/site-packages/uvicorn/middleware/proxy_headers.py", line 84, in __call__
    return await self.app(scope, receive, send)
           ^^^^^^^^^^^^^^^^^^^^^^^^^^^^^^^^^^^^
  File "/home/sukithan/Desktop/Project_1/backend_venv/lib/python3.12/site-packages/fastapi/applications.py", line 1054, in __call__
    await super().__call__(scope, receive, send)
  File "/home/sukithan/Desktop/Project_1/backend_venv/lib/python3.12/site-packages/starlette/applications.py", line 123, in __call__
    await self.middleware_stack(scope, receive, send)
  File "/home/sukithan/Desktop/Project_1/backend_venv/lib/python3.12/site-packages/starlette/middleware/errors.py", line 186, in __call__
    raise exc
  File "/home/sukithan/Desktop/Project_1/backend_venv/lib/python3.12/site-packages/starlette/middleware/errors.py", line 164, in __call__
    await self.app(scope, receive, _send)
  File "/home/sukithan/Desktop/Project_1/backend_venv/lib/python3.12/site-packages/starlette/middleware/cors.py", line 91, in __call__
    await self.simple_response(scope, receive, send, request_headers=headers)
  File "/home/sukithan/Desktop/Project_1/backend_venv/lib/python3.12/site-packages/starlette/middleware/cors.py", line 146, in simple_response
    await self.app(scope, receive, send)
  File "/home/sukithan/Desktop/Project_1/backend_venv/lib/python3.12/site-packages/starlette/middleware/exceptions.py", line 62, in __call__
    await wrap_app_handling_exceptions(self.app, conn)(scope, receive, send)
  File "/home/sukithan/Desktop/Project_1/backend_venv/lib/python3.12/site-packages/starlette/_exception_handler.py", line 64, in wrapped_app
    raise exc
  File "/home/sukithan/Desktop/Project_1/backend_venv/lib/python3.12/site-packages/starlette/_exception_handler.py", line 53, in wrapped_app
    await app(scope, receive, sender)
  File "/home/sukithan/Desktop/Project_1/backend_venv/lib/python3.12/site-packages/starlette/routing.py", line 762, in __call__
    await self.middleware_stack(scope, receive, send)
  File "/home/sukithan/Desktop/Project_1/backend_venv/lib/python3.12/site-packages/starlette/routing.py", line 782, in app
    await route.handle(scope, receive, send)
  File "/home/sukithan/Desktop/Project_1/backend_venv/lib/python3.12/site-packages/starlette/routing.py", line 297, in handle
    await self.app(scope, receive, send)
  File "/home/sukithan/Desktop/Project_1/backend_venv/lib/python3.12/site-packages/starlette/routing.py", line 77, in app
    await wrap_app_handling_exceptions(app, request)(scope, receive, send)
  File "/home/sukithan/Desktop/Project_1/backend_venv/lib/python3.12/site-packages/starlette/_exception_handler.py", line 64, in wrapped_app
    raise exc
  File "/home/sukithan/Desktop/Project_1/backend_venv/lib/python3.12/site-packages/starlette/_exception_handler.py", line 53, in wrapped_app
    await app(scope, receive, sender)
  File "/home/sukithan/Desktop/Project_1/backend_venv/lib/python3.12/site-packages/starlette/routing.py", line 72, in app
    response = await func(request)
               ^^^^^^^^^^^^^^^^^^^
  File "/home/sukithan/Desktop/Project_1/backend_venv/lib/python3.12/site-packages/fastapi/routing.py", line 299, in app
    raise e
  File "/home/sukithan/Desktop/Project_1/backend_venv/lib/python3.12/site-packages/fastapi/routing.py", line 294, in app
    raw_response = await run_endpoint_function(
                   ^^^^^^^^^^^^^^^^^^^^^^^^^^^^
  File "/home/sukithan/Desktop/Project_1/backend_venv/lib/python3.12/site-packages/fastapi/routing.py", line 191, in run_endpoint_function
    return await dependant.call(**values)
           ^^^^^^^^^^^^^^^^^^^^^^^^^^^^^^
  File "/home/sukithan/Desktop/Project_1/backend/routes/admin.py", line 251, in create_booking_admin
    db.flush()
  File "/home/sukithan/Desktop/Project_1/backend_venv/lib/python3.12/site-packages/sqlalchemy/orm/session.py", line 4312, in flush
    self._flush(objects)
  File "/home/sukithan/Desktop/Project_1/backend_venv/lib/python3.12/site-packages/sqlalchemy/orm/session.py", line 4447, in _flush
    with util.safe_reraise():
  File "/home/sukithan/Desktop/Project_1/backend_venv/lib/python3.12/site-packages/sqlalchemy/util/langhelpers.py", line 146, in __exit__
    raise exc_value.with_traceback(exc_tb)
  File "/home/sukithan/Desktop/Project_1/backend_venv/lib/python3.12/site-packages/sqlalchemy/orm/session.py", line 4408, in _flush
    flush_context.execute()
  File "/home/sukithan/Desktop/Project_1/backend_venv/lib/python3.12/site-packages/sqlalchemy/orm/unitofwork.py", line 466, in execute
    rec.execute(self)
  File "/home/sukithan/Desktop/Project_1/backend_venv/lib/python3.12/site-packages/sqlalchemy/orm/unitofwork.py", line 642, in execute
    util.preloaded.orm_persistence.save_obj(
  File "/home/sukithan/Desktop/Project_1/backend_venv/lib/python3.12/site-packages/sqlalchemy/orm/persistence.py", line 93, in save_obj
    _emit_insert_statements(
  File "/home/sukithan/Desktop/Project_1/backend_venv/lib/python3.12/site-packages/sqlalchemy/orm/persistence.py", line 1227, in _emit_insert_statements
    result = connection.execute(
             ^^^^^^^^^^^^^^^^^^^
  File "/home/sukithan/Desktop/Project_1/backend_venv/lib/python3.12/site-packages/sqlalchemy/engine/base.py", line 1416, in execute
    return meth(
           ^^^^^
  File "/home/sukithan/Desktop/Project_1/backend_venv/lib/python3.12/site-packages/sqlalchemy/sql/elements.py", line 517, in _execute_on_connection
    return connection._execute_clauseelement(
           ^^^^^^^^^^^^^^^^^^^^^^^^^^^^^^^^^^
  File "/home/sukithan/Desktop/Project_1/backend_venv/lib/python3.12/site-packages/sqlalchemy/engine/base.py", line 1639, in _execute_clauseelement
    ret = self._execute_context(
          ^^^^^^^^^^^^^^^^^^^^^^
  File "/home/sukithan/Desktop/Project_1/backend_venv/lib/python3.12/site-packages/sqlalchemy/engine/base.py", line 1848, in _execute_context
    return self._exec_single_context(
           ^^^^^^^^^^^^^^^^^^^^^^^^^^
  File "/home/sukithan/Desktop/Project_1/backend_venv/lib/python3.12/site-packages/sqlalchemy/engine/base.py", line 1988, in _exec_single_context
    self._handle_dbapi_exception(
  File "/home/sukithan/Desktop/Project_1/backend_venv/lib/python3.12/site-packages/sqlalchemy/engine/base.py", line 2344, in _handle_dbapi_exception
    raise sqlalchemy_exception.with_traceback(exc_info[2]) from e
  File "/home/sukithan/Desktop/Project_1/backend_venv/lib/python3.12/site-packages/sqlalchemy/engine/base.py", line 1969, in _exec_single_context
    self.dialect.do_execute(
  File "/home/sukithan/Desktop/Project_1/backend_venv/lib/python3.12/site-packages/sqlalchemy/engine/default.py", line 922, in do_execute
    cursor.execute(statement, parameters)
sqlalchemy.exc.IntegrityError: (psycopg2.errors.ForeignKeyViolation) insert or update on table "bookings" violates foreign key constraint "bookings_user_id_fkey"
DETAIL:  Key (user_id)=(0) is not present in table "users".

[SQL: INSERT INTO bookings (user_id, event_id, seats_booked, status, total_price, updated_at) VALUES (%(user_id)s, %(event_id)s, %(seats_booked)s, %(status)s, %(total_price)s, %(updated_at)s) RETURNING bookings.id, bookings.booking_date, bookings.created_at]
[parameters: {'user_id': 0, 'event_id': 6, 'seats_booked': 1, 'status': 'confirmed', 'total_price': 1.0, 'updated_at': None}]
(Background on this error at: https://sqlalche.me/e/20/gkpj)
DEBUG: Using current admin user: id=0, username=Admin
2025-11-27 11:51:41,829 INFO sqlalchemy.engine.Engine BEGIN (implicit)
2025-11-27 11:51:41,829 INFO sqlalchemy.engine.Engine SELECT events.id AS events_id, events.name AS events_name, events.description AS events_description, events.event_date AS events_event_date, events.location AS events_location, events.total_seats AS events_total_seats, events.available_seats AS events_available_seats, events.price AS events_price, events.image_url AS events_image_url, events.is_active AS events_is_active, events.rows AS events_rows, events.seats_per_row AS events_seats_per_row, events.created_at AS events_created_at, events.updated_at AS events_updated_at, events.created_by AS events_created_by 
FROM events 
WHERE events.id = %(id_1)s 
 LIMIT %(param_1)s
2025-11-27 11:51:41,829 INFO sqlalchemy.engine.Engine [cached since 53.49s ago] {'id_1': 6, 'param_1': 1}
2025-11-27 11:51:41,830 INFO sqlalchemy.engine.Engine SELECT seats.id AS seats_id, seats.event_id AS seats_event_id, seats.row_number AS seats_row_number, seats.seat_number AS seats_seat_number, seats.is_available AS seats_is_available, seats.created_at AS seats_created_at 
FROM seats 
WHERE seats.id IN (%(id_1_1)s) AND seats.event_id = %(event_id_1)s
2025-11-27 11:51:41,830 INFO sqlalchemy.engine.Engine [cached since 26.85s ago] {'event_id_1': 6, 'id_1_1': 460}
2025-11-27 11:51:41,831 INFO sqlalchemy.engine.Engine SELECT seat_bookings.id AS seat_bookings_id, seat_bookings.booking_id AS seat_bookings_booking_id, seat_bookings.seat_id AS seat_bookings_seat_id, seat_bookings.created_at AS seat_bookings_created_at 
FROM seat_bookings JOIN bookings ON bookings.id = seat_bookings.booking_id 
WHERE seat_bookings.seat_id = %(seat_id_1)s AND bookings.status = %(status_1)s 
 LIMIT %(param_1)s
2025-11-27 11:51:41,831 INFO sqlalchemy.engine.Engine [cached since 26.85s ago] {'seat_id_1': 460, 'status_1': 'confirmed', 'param_1': 1}
2025-11-27 11:51:41,831 INFO sqlalchemy.engine.Engine INSERT INTO bookings (user_id, event_id, seats_booked, status, total_price, updated_at) VALUES (%(user_id)s, %(event_id)s, %(seats_booked)s, %(status)s, %(total_price)s, %(updated_at)s) RETURNING bookings.id, bookings.booking_date, bookings.created_at
2025-11-27 11:51:41,831 INFO sqlalchemy.engine.Engine [cached since 26.85s ago] {'user_id': 0, 'event_id': 6, 'seats_booked': 1, 'status': 'confirmed', 'total_price': 1.0, 'updated_at': None}
2025-11-27 11:51:41,832 INFO sqlalchemy.engine.Engine ROLLBACK
INFO:     127.0.0.1:36378 - "POST /api/admin/bookings HTTP/1.1" 500 Internal Server Error
ERROR:    Exception in ASGI application
Traceback (most recent call last):
  File "/home/sukithan/Desktop/Project_1/backend_venv/lib/python3.12/site-packages/sqlalchemy/engine/base.py", line 1969, in _exec_single_context
    self.dialect.do_execute(
  File "/home/sukithan/Desktop/Project_1/backend_venv/lib/python3.12/site-packages/sqlalchemy/engine/default.py", line 922, in do_execute
    cursor.execute(statement, parameters)
psycopg2.errors.ForeignKeyViolation: insert or update on table "bookings" violates foreign key constraint "bookings_user_id_fkey"
DETAIL:  Key (user_id)=(0) is not present in table "users".


The above exception was the direct cause of the following exception:

Traceback (most recent call last):
  File "/home/sukithan/Desktop/Project_1/backend_venv/lib/python3.12/site-packages/uvicorn/protocols/http/httptools_impl.py", line 419, in run_asgi
    result = await app(  # type: ignore[func-returns-value]
             ^^^^^^^^^^^^^^^^^^^^^^^^^^^^^^^^^^^^^^^^^^^^^^
  File "/home/sukithan/Desktop/Project_1/backend_venv/lib/python3.12/site-packages/uvicorn/middleware/proxy_headers.py", line 84, in __call__
    return await self.app(scope, receive, send)
           ^^^^^^^^^^^^^^^^^^^^^^^^^^^^^^^^^^^^
  File "/home/sukithan/Desktop/Project_1/backend_venv/lib/python3.12/site-packages/fastapi/applications.py", line 1054, in __call__
    await super().__call__(scope, receive, send)
  File "/home/sukithan/Desktop/Project_1/backend_venv/lib/python3.12/site-packages/starlette/applications.py", line 123, in __call__
    await self.middleware_stack(scope, receive, send)
  File "/home/sukithan/Desktop/Project_1/backend_venv/lib/python3.12/site-packages/starlette/middleware/errors.py", line 186, in __call__
    raise exc
  File "/home/sukithan/Desktop/Project_1/backend_venv/lib/python3.12/site-packages/starlette/middleware/errors.py", line 164, in __call__
    await self.app(scope, receive, _send)
  File "/home/sukithan/Desktop/Project_1/backend_venv/lib/python3.12/site-packages/starlette/middleware/cors.py", line 91, in __call__
    await self.simple_response(scope, receive, send, request_headers=headers)
  File "/home/sukithan/Desktop/Project_1/backend_venv/lib/python3.12/site-packages/starlette/middleware/cors.py", line 146, in simple_response
    await self.app(scope, receive, send)
  File "/home/sukithan/Desktop/Project_1/backend_venv/lib/python3.12/site-packages/starlette/middleware/exceptions.py", line 62, in __call__
    await wrap_app_handling_exceptions(self.app, conn)(scope, receive, send)
  File "/home/sukithan/Desktop/Project_1/backend_venv/lib/python3.12/site-packages/starlette/_exception_handler.py", line 64, in wrapped_app
    raise exc
  File "/home/sukithan/Desktop/Project_1/backend_venv/lib/python3.12/site-packages/starlette/_exception_handler.py", line 53, in wrapped_app
    await app(scope, receive, sender)
  File "/home/sukithan/Desktop/Project_1/backend_venv/lib/python3.12/site-packages/starlette/routing.py", line 762, in __call__
    await self.middleware_stack(scope, receive, send)
  File "/home/sukithan/Desktop/Project_1/backend_venv/lib/python3.12/site-packages/starlette/routing.py", line 782, in app
    await route.handle(scope, receive, send)
  File "/home/sukithan/Desktop/Project_1/backend_venv/lib/python3.12/site-packages/starlette/routing.py", line 297, in handle
    await self.app(scope, receive, send)
  File "/home/sukithan/Desktop/Project_1/backend_venv/lib/python3.12/site-packages/starlette/routing.py", line 77, in app
    await wrap_app_handling_exceptions(app, request)(scope, receive, send)
  File "/home/sukithan/Desktop/Project_1/backend_venv/lib/python3.12/site-packages/starlette/_exception_handler.py", line 64, in wrapped_app
    raise exc
  File "/home/sukithan/Desktop/Project_1/backend_venv/lib/python3.12/site-packages/starlette/_exception_handler.py", line 53, in wrapped_app
    await app(scope, receive, sender)
  File "/home/sukithan/Desktop/Project_1/backend_venv/lib/python3.12/site-packages/starlette/routing.py", line 72, in app
    response = await func(request)
               ^^^^^^^^^^^^^^^^^^^
  File "/home/sukithan/Desktop/Project_1/backend_venv/lib/python3.12/site-packages/fastapi/routing.py", line 299, in app
    raise e
  File "/home/sukithan/Desktop/Project_1/backend_venv/lib/python3.12/site-packages/fastapi/routing.py", line 294, in app
    raw_response = await run_endpoint_function(
                   ^^^^^^^^^^^^^^^^^^^^^^^^^^^^
  File "/home/sukithan/Desktop/Project_1/backend_venv/lib/python3.12/site-packages/fastapi/routing.py", line 191, in run_endpoint_function
    return await dependant.call(**values)
           ^^^^^^^^^^^^^^^^^^^^^^^^^^^^^^
  File "/home/sukithan/Desktop/Project_1/backend/routes/admin.py", line 251, in create_booking_admin
    db.flush()
  File "/home/sukithan/Desktop/Project_1/backend_venv/lib/python3.12/site-packages/sqlalchemy/orm/session.py", line 4312, in flush
    self._flush(objects)
  File "/home/sukithan/Desktop/Project_1/backend_venv/lib/python3.12/site-packages/sqlalchemy/orm/session.py", line 4447, in _flush
    with util.safe_reraise():
  File "/home/sukithan/Desktop/Project_1/backend_venv/lib/python3.12/site-packages/sqlalchemy/util/langhelpers.py", line 146, in __exit__
    raise exc_value.with_traceback(exc_tb)
  File "/home/sukithan/Desktop/Project_1/backend_venv/lib/python3.12/site-packages/sqlalchemy/orm/session.py", line 4408, in _flush
    flush_context.execute()
  File "/home/sukithan/Desktop/Project_1/backend_venv/lib/python3.12/site-packages/sqlalchemy/orm/unitofwork.py", line 466, in execute
    rec.execute(self)
  File "/home/sukithan/Desktop/Project_1/backend_venv/lib/python3.12/site-packages/sqlalchemy/orm/unitofwork.py", line 642, in execute
    util.preloaded.orm_persistence.save_obj(
  File "/home/sukithan/Desktop/Project_1/backend_venv/lib/python3.12/site-packages/sqlalchemy/orm/persistence.py", line 93, in save_obj
    _emit_insert_statements(
  File "/home/sukithan/Desktop/Project_1/backend_venv/lib/python3.12/site-packages/sqlalchemy/orm/persistence.py", line 1227, in _emit_insert_statements
    result = connection.execute(
             ^^^^^^^^^^^^^^^^^^^
  File "/home/sukithan/Desktop/Project_1/backend_venv/lib/python3.12/site-packages/sqlalchemy/engine/base.py", line 1416, in execute
    return meth(
           ^^^^^
  File "/home/sukithan/Desktop/Project_1/backend_venv/lib/python3.12/site-packages/sqlalchemy/sql/elements.py", line 517, in _execute_on_connection
    return connection._execute_clauseelement(
           ^^^^^^^^^^^^^^^^^^^^^^^^^^^^^^^^^^
  File "/home/sukithan/Desktop/Project_1/backend_venv/lib/python3.12/site-packages/sqlalchemy/engine/base.py", line 1639, in _execute_clauseelement
    ret = self._execute_context(
          ^^^^^^^^^^^^^^^^^^^^^^
  File "/home/sukithan/Desktop/Project_1/backend_venv/lib/python3.12/site-packages/sqlalchemy/engine/base.py", line 1848, in _execute_context
    return self._exec_single_context(
           ^^^^^^^^^^^^^^^^^^^^^^^^^^
  File "/home/sukithan/Desktop/Project_1/backend_venv/lib/python3.12/site-packages/sqlalchemy/engine/base.py", line 1988, in _exec_single_context
    self._handle_dbapi_exception(
  File "/home/sukithan/Desktop/Project_1/backend_venv/lib/python3.12/site-packages/sqlalchemy/engine/base.py", line 2344, in _handle_dbapi_exception
    raise sqlalchemy_exception.with_traceback(exc_info[2]) from e
  File "/home/sukithan/Desktop/Project_1/backend_venv/lib/python3.12/site-packages/sqlalchemy/engine/base.py", line 1969, in _exec_single_context
    self.dialect.do_execute(
  File "/home/sukithan/Desktop/Project_1/backend_venv/lib/python3.12/site-packages/sqlalchemy/engine/default.py", line 922, in do_execute
    cursor.execute(statement, parameters)
sqlalchemy.exc.IntegrityError: (psycopg2.errors.ForeignKeyViolation) insert or update on table "bookings" violates foreign key constraint "bookings_user_id_fkey"
DETAIL:  Key (user_id)=(0) is not present in table "users".

[SQL: INSERT INTO bookings (user_id, event_id, seats_booked, status, total_price, updated_at) VALUES (%(user_id)s, %(event_id)s, %(seats_booked)s, %(status)s, %(total_price)s, %(updated_at)s) RETURNING bookings.id, bookings.booking_date, bookings.created_at]
[parameters: {'user_id': 0, 'event_id': 6, 'seats_booked': 1, 'status': 'confirmed', 'total_price': 1.0, 'updated_at': None}]
(Background on this error at: https://sqlalche.me/e/20/gkpj)
DEBUG: Using current admin user: id=0, username=Admin
2025-11-27 11:51:42,733 INFO sqlalchemy.engine.Engine BEGIN (implicit)
2025-11-27 11:51:42,733 INFO sqlalchemy.engine.Engine SELECT events.id AS events_id, events.name AS events_name, events.description AS events_description, events.event_date AS events_event_date, events.location AS events_location, events.total_seats AS events_total_seats, events.available_seats AS events_available_seats, events.price AS events_price, events.image_url AS events_image_url, events.is_active AS events_is_active, events.rows AS events_rows, events.seats_per_row AS events_seats_per_row, events.created_at AS events_created_at, events.updated_at AS events_updated_at, events.created_by AS events_created_by 
FROM events 
WHERE events.id = %(id_1)s 
 LIMIT %(param_1)s
2025-11-27 11:51:42,733 INFO sqlalchemy.engine.Engine [cached since 54.4s ago] {'id_1': 6, 'param_1': 1}
2025-11-27 11:51:42,734 INFO sqlalchemy.engine.Engine SELECT seats.id AS seats_id, seats.event_id AS seats_event_id, seats.row_number AS seats_row_number, seats.seat_number AS seats_seat_number, seats.is_available AS seats_is_available, seats.created_at AS seats_created_at 
FROM seats 
WHERE seats.id IN (%(id_1_1)s) AND seats.event_id = %(event_id_1)s
2025-11-27 11:51:42,734 INFO sqlalchemy.engine.Engine [cached since 27.75s ago] {'event_id_1': 6, 'id_1_1': 460}
2025-11-27 11:51:42,735 INFO sqlalchemy.engine.Engine SELECT seat_bookings.id AS seat_bookings_id, seat_bookings.booking_id AS seat_bookings_booking_id, seat_bookings.seat_id AS seat_bookings_seat_id, seat_bookings.created_at AS seat_bookings_created_at 
FROM seat_bookings JOIN bookings ON bookings.id = seat_bookings.booking_id 
WHERE seat_bookings.seat_id = %(seat_id_1)s AND bookings.status = %(status_1)s 
 LIMIT %(param_1)s
2025-11-27 11:51:42,735 INFO sqlalchemy.engine.Engine [cached since 27.75s ago] {'seat_id_1': 460, 'status_1': 'confirmed', 'param_1': 1}
2025-11-27 11:51:42,735 INFO sqlalchemy.engine.Engine INSERT INTO bookings (user_id, event_id, seats_booked, status, total_price, updated_at) VALUES (%(user_id)s, %(event_id)s, %(seats_booked)s, %(status)s, %(total_price)s, %(updated_at)s) RETURNING bookings.id, bookings.booking_date, bookings.created_at
2025-11-27 11:51:42,735 INFO sqlalchemy.engine.Engine [cached since 27.75s ago] {'user_id': 0, 'event_id': 6, 'seats_booked': 1, 'status': 'confirmed', 'total_price': 1.0, 'updated_at': None}
2025-11-27 11:51:42,736 INFO sqlalchemy.engine.Engine ROLLBACK
INFO:     127.0.0.1:36384 - "POST /api/admin/bookings HTTP/1.1" 500 Internal Server Error
ERROR:    Exception in ASGI application
Traceback (most recent call last):
  File "/home/sukithan/Desktop/Project_1/backend_venv/lib/python3.12/site-packages/sqlalchemy/engine/base.py", line 1969, in _exec_single_context
    self.dialect.do_execute(
  File "/home/sukithan/Desktop/Project_1/backend_venv/lib/python3.12/site-packages/sqlalchemy/engine/default.py", line 922, in do_execute
    cursor.execute(statement, parameters)
psycopg2.errors.ForeignKeyViolation: insert or update on table "bookings" violates foreign key constraint "bookings_user_id_fkey"
DETAIL:  Key (user_id)=(0) is not present in table "users".


The above exception was the direct cause of the following exception:

Traceback (most recent call last):
  File "/home/sukithan/Desktop/Project_1/backend_venv/lib/python3.12/site-packages/uvicorn/protocols/http/httptools_impl.py", line 419, in run_asgi
    result = await app(  # type: ignore[func-returns-value]
             ^^^^^^^^^^^^^^^^^^^^^^^^^^^^^^^^^^^^^^^^^^^^^^
  File "/home/sukithan/Desktop/Project_1/backend_venv/lib/python3.12/site-packages/uvicorn/middleware/proxy_headers.py", line 84, in __call__
    return await self.app(scope, receive, send)
           ^^^^^^^^^^^^^^^^^^^^^^^^^^^^^^^^^^^^
  File "/home/sukithan/Desktop/Project_1/backend_venv/lib/python3.12/site-packages/fastapi/applications.py", line 1054, in __call__
    await super().__call__(scope, receive, send)
  File "/home/sukithan/Desktop/Project_1/backend_venv/lib/python3.12/site-packages/starlette/applications.py", line 123, in __call__
    await self.middleware_stack(scope, receive, send)
  File "/home/sukithan/Desktop/Project_1/backend_venv/lib/python3.12/site-packages/starlette/middleware/errors.py", line 186, in __call__
    raise exc
  File "/home/sukithan/Desktop/Project_1/backend_venv/lib/python3.12/site-packages/starlette/middleware/errors.py", line 164, in __call__
    await self.app(scope, receive, _send)
  File "/home/sukithan/Desktop/Project_1/backend_venv/lib/python3.12/site-packages/starlette/middleware/cors.py", line 91, in __call__
    await self.simple_response(scope, receive, send, request_headers=headers)
  File "/home/sukithan/Desktop/Project_1/backend_venv/lib/python3.12/site-packages/starlette/middleware/cors.py", line 146, in simple_response
    await self.app(scope, receive, send)
  File "/home/sukithan/Desktop/Project_1/backend_venv/lib/python3.12/site-packages/starlette/middleware/exceptions.py", line 62, in __call__
    await wrap_app_handling_exceptions(self.app, conn)(scope, receive, send)
  File "/home/sukithan/Desktop/Project_1/backend_venv/lib/python3.12/site-packages/starlette/_exception_handler.py", line 64, in wrapped_app
    raise exc
  File "/home/sukithan/Desktop/Project_1/backend_venv/lib/python3.12/site-packages/starlette/_exception_handler.py", line 53, in wrapped_app
    await app(scope, receive, sender)
  File "/home/sukithan/Desktop/Project_1/backend_venv/lib/python3.12/site-packages/starlette/routing.py", line 762, in __call__
    await self.middleware_stack(scope, receive, send)
  File "/home/sukithan/Desktop/Project_1/backend_venv/lib/python3.12/site-packages/starlette/routing.py", line 782, in app
    await route.handle(scope, receive, send)
  File "/home/sukithan/Desktop/Project_1/backend_venv/lib/python3.12/site-packages/starlette/routing.py", line 297, in handle
    await self.app(scope, receive, send)
  File "/home/sukithan/Desktop/Project_1/backend_venv/lib/python3.12/site-packages/starlette/routing.py", line 77, in app
    await wrap_app_handling_exceptions(app, request)(scope, receive, send)
  File "/home/sukithan/Desktop/Project_1/backend_venv/lib/python3.12/site-packages/starlette/_exception_handler.py", line 64, in wrapped_app
    raise exc
  File "/home/sukithan/Desktop/Project_1/backend_venv/lib/python3.12/site-packages/starlette/_exception_handler.py", line 53, in wrapped_app
    await app(scope, receive, sender)
  File "/home/sukithan/Desktop/Project_1/backend_venv/lib/python3.12/site-packages/starlette/routing.py", line 72, in app
    response = await func(request)
               ^^^^^^^^^^^^^^^^^^^
  File "/home/sukithan/Desktop/Project_1/backend_venv/lib/python3.12/site-packages/fastapi/routing.py", line 299, in app
    raise e
  File "/home/sukithan/Desktop/Project_1/backend_venv/lib/python3.12/site-packages/fastapi/routing.py", line 294, in app
    raw_response = await run_endpoint_function(
                   ^^^^^^^^^^^^^^^^^^^^^^^^^^^^
  File "/home/sukithan/Desktop/Project_1/backend_venv/lib/python3.12/site-packages/fastapi/routing.py", line 191, in run_endpoint_function
    return await dependant.call(**values)
           ^^^^^^^^^^^^^^^^^^^^^^^^^^^^^^
  File "/home/sukithan/Desktop/Project_1/backend/routes/admin.py", line 251, in create_booking_admin
    db.flush()
  File "/home/sukithan/Desktop/Project_1/backend_venv/lib/python3.12/site-packages/sqlalchemy/orm/session.py", line 4312, in flush
    self._flush(objects)
  File "/home/sukithan/Desktop/Project_1/backend_venv/lib/python3.12/site-packages/sqlalchemy/orm/session.py", line 4447, in _flush
    with util.safe_reraise():
  File "/home/sukithan/Desktop/Project_1/backend_venv/lib/python3.12/site-packages/sqlalchemy/util/langhelpers.py", line 146, in __exit__
    raise exc_value.with_traceback(exc_tb)
  File "/home/sukithan/Desktop/Project_1/backend_venv/lib/python3.12/site-packages/sqlalchemy/orm/session.py", line 4408, in _flush
    flush_context.execute()
  File "/home/sukithan/Desktop/Project_1/backend_venv/lib/python3.12/site-packages/sqlalchemy/orm/unitofwork.py", line 466, in execute
    rec.execute(self)
  File "/home/sukithan/Desktop/Project_1/backend_venv/lib/python3.12/site-packages/sqlalchemy/orm/unitofwork.py", line 642, in execute
    util.preloaded.orm_persistence.save_obj(
  File "/home/sukithan/Desktop/Project_1/backend_venv/lib/python3.12/site-packages/sqlalchemy/orm/persistence.py", line 93, in save_obj
    _emit_insert_statements(
  File "/home/sukithan/Desktop/Project_1/backend_venv/lib/python3.12/site-packages/sqlalchemy/orm/persistence.py", line 1227, in _emit_insert_statements
    result = connection.execute(
             ^^^^^^^^^^^^^^^^^^^
  File "/home/sukithan/Desktop/Project_1/backend_venv/lib/python3.12/site-packages/sqlalchemy/engine/base.py", line 1416, in execute
    return meth(
           ^^^^^
  File "/home/sukithan/Desktop/Project_1/backend_venv/lib/python3.12/site-packages/sqlalchemy/sql/elements.py", line 517, in _execute_on_connection
    return connection._execute_clauseelement(
           ^^^^^^^^^^^^^^^^^^^^^^^^^^^^^^^^^^
  File "/home/sukithan/Desktop/Project_1/backend_venv/lib/python3.12/site-packages/sqlalchemy/engine/base.py", line 1639, in _execute_clauseelement
    ret = self._execute_context(
          ^^^^^^^^^^^^^^^^^^^^^^
  File "/home/sukithan/Desktop/Project_1/backend_venv/lib/python3.12/site-packages/sqlalchemy/engine/base.py", line 1848, in _execute_context
    return self._exec_single_context(
           ^^^^^^^^^^^^^^^^^^^^^^^^^^
  File "/home/sukithan/Desktop/Project_1/backend_venv/lib/python3.12/site-packages/sqlalchemy/engine/base.py", line 1988, in _exec_single_context
    self._handle_dbapi_exception(
  File "/home/sukithan/Desktop/Project_1/backend_venv/lib/python3.12/site-packages/sqlalchemy/engine/base.py", line 2344, in _handle_dbapi_exception
    raise sqlalchemy_exception.with_traceback(exc_info[2]) from e
  File "/home/sukithan/Desktop/Project_1/backend_venv/lib/python3.12/site-packages/sqlalchemy/engine/base.py", line 1969, in _exec_single_context
    self.dialect.do_execute(
  File "/home/sukithan/Desktop/Project_1/backend_venv/lib/python3.12/site-packages/sqlalchemy/engine/default.py", line 922, in do_execute
    cursor.execute(statement, parameters)
sqlalchemy.exc.IntegrityError: (psycopg2.errors.ForeignKeyViolation) insert or update on table "bookings" violates foreign key constraint "bookings_user_id_fkey"
DETAIL:  Key (user_id)=(0) is not present in table "users".

[SQL: INSERT INTO bookings (user_id, event_id, seats_booked, status, total_price, updated_at) VALUES (%(user_id)s, %(event_id)s, %(seats_booked)s, %(status)s, %(total_price)s, %(updated_at)s) RETURNING bookings.id, bookings.booking_date, bookings.created_at]
[parameters: {'user_id': 0, 'event_id': 6, 'seats_booked': 1, 'status': 'confirmed', 'total_price': 1.0, 'updated_at': None}]
(Background on this error at: https://sqlalche.me/e/20/gkpj)
WARNING:  WatchFiles detected changes in 'create_admin.py'. Reloading...
INFO:     Shutting down
INFO:     Waiting for application shutdown.
INFO:     Application shutdown complete.
INFO:     Finished server process [14363]
2025-11-27 11:52:39,905 INFO sqlalchemy.engine.Engine select pg_catalog.version()
2025-11-27 11:52:39,906 INFO sqlalchemy.engine.Engine [raw sql] {}
2025-11-27 11:52:39,906 INFO sqlalchemy.engine.Engine select current_schema()
2025-11-27 11:52:39,906 INFO sqlalchemy.engine.Engine [raw sql] {}
2025-11-27 11:52:39,906 INFO sqlalchemy.engine.Engine show standard_conforming_strings
2025-11-27 11:52:39,906 INFO sqlalchemy.engine.Engine [raw sql] {}
2025-11-27 11:52:39,906 INFO sqlalchemy.engine.Engine BEGIN (implicit)
2025-11-27 11:52:39,908 INFO sqlalchemy.engine.Engine SELECT pg_catalog.pg_class.relname 
FROM pg_catalog.pg_class JOIN pg_catalog.pg_namespace ON pg_catalog.pg_namespace.oid = pg_catalog.pg_class.relnamespace 
WHERE pg_catalog.pg_class.relname = %(table_name)s AND pg_catalog.pg_class.relkind = ANY (ARRAY[%(param_1)s, %(param_2)s, %(param_3)s, %(param_4)s, %(param_5)s]) AND pg_catalog.pg_table_is_visible(pg_catalog.pg_class.oid) AND pg_catalog.pg_namespace.nspname != %(nspname_1)s
2025-11-27 11:52:39,908 INFO sqlalchemy.engine.Engine [generated in 0.00008s] {'table_name': 'users', 'param_1': 'r', 'param_2': 'p', 'param_3': 'f', 'param_4': 'v', 'param_5': 'm', 'nspname_1': 'pg_catalog'}
2025-11-27 11:52:39,909 INFO sqlalchemy.engine.Engine SELECT pg_catalog.pg_class.relname 
FROM pg_catalog.pg_class JOIN pg_catalog.pg_namespace ON pg_catalog.pg_namespace.oid = pg_catalog.pg_class.relnamespace 
WHERE pg_catalog.pg_class.relname = %(table_name)s AND pg_catalog.pg_class.relkind = ANY (ARRAY[%(param_1)s, %(param_2)s, %(param_3)s, %(param_4)s, %(param_5)s]) AND pg_catalog.pg_table_is_visible(pg_catalog.pg_class.oid) AND pg_catalog.pg_namespace.nspname != %(nspname_1)s
2025-11-27 11:52:39,909 INFO sqlalchemy.engine.Engine [cached since 0.0007756s ago] {'table_name': 'events', 'param_1': 'r', 'param_2': 'p', 'param_3': 'f', 'param_4': 'v', 'param_5': 'm', 'nspname_1': 'pg_catalog'}
2025-11-27 11:52:39,909 INFO sqlalchemy.engine.Engine SELECT pg_catalog.pg_class.relname 
FROM pg_catalog.pg_class JOIN pg_catalog.pg_namespace ON pg_catalog.pg_namespace.oid = pg_catalog.pg_class.relnamespace 
WHERE pg_catalog.pg_class.relname = %(table_name)s AND pg_catalog.pg_class.relkind = ANY (ARRAY[%(param_1)s, %(param_2)s, %(param_3)s, %(param_4)s, %(param_5)s]) AND pg_catalog.pg_table_is_visible(pg_catalog.pg_class.oid) AND pg_catalog.pg_namespace.nspname != %(nspname_1)s
2025-11-27 11:52:39,909 INFO sqlalchemy.engine.Engine [cached since 0.001055s ago] {'table_name': 'bookings', 'param_1': 'r', 'param_2': 'p', 'param_3': 'f', 'param_4': 'v', 'param_5': 'm', 'nspname_1': 'pg_catalog'}
2025-11-27 11:52:39,910 INFO sqlalchemy.engine.Engine SELECT pg_catalog.pg_class.relname 
FROM pg_catalog.pg_class JOIN pg_catalog.pg_namespace ON pg_catalog.pg_namespace.oid = pg_catalog.pg_class.relnamespace 
WHERE pg_catalog.pg_class.relname = %(table_name)s AND pg_catalog.pg_class.relkind = ANY (ARRAY[%(param_1)s, %(param_2)s, %(param_3)s, %(param_4)s, %(param_5)s]) AND pg_catalog.pg_table_is_visible(pg_catalog.pg_class.oid) AND pg_catalog.pg_namespace.nspname != %(nspname_1)s
2025-11-27 11:52:39,910 INFO sqlalchemy.engine.Engine [cached since 0.001294s ago] {'table_name': 'seats', 'param_1': 'r', 'param_2': 'p', 'param_3': 'f', 'param_4': 'v', 'param_5': 'm', 'nspname_1': 'pg_catalog'}
2025-11-27 11:52:39,910 INFO sqlalchemy.engine.Engine SELECT pg_catalog.pg_class.relname 
FROM pg_catalog.pg_class JOIN pg_catalog.pg_namespace ON pg_catalog.pg_namespace.oid = pg_catalog.pg_class.relnamespace 
WHERE pg_catalog.pg_class.relname = %(table_name)s AND pg_catalog.pg_class.relkind = ANY (ARRAY[%(param_1)s, %(param_2)s, %(param_3)s, %(param_4)s, %(param_5)s]) AND pg_catalog.pg_table_is_visible(pg_catalog.pg_class.oid) AND pg_catalog.pg_namespace.nspname != %(nspname_1)s
2025-11-27 11:52:39,910 INFO sqlalchemy.engine.Engine [cached since 0.001526s ago] {'table_name': 'seat_bookings', 'param_1': 'r', 'param_2': 'p', 'param_3': 'f', 'param_4': 'v', 'param_5': 'm', 'nspname_1': 'pg_catalog'}
2025-11-27 11:52:39,910 INFO sqlalchemy.engine.Engine SELECT pg_catalog.pg_class.relname 
FROM pg_catalog.pg_class JOIN pg_catalog.pg_namespace ON pg_catalog.pg_namespace.oid = pg_catalog.pg_class.relnamespace 
WHERE pg_catalog.pg_class.relname = %(table_name)s AND pg_catalog.pg_class.relkind = ANY (ARRAY[%(param_1)s, %(param_2)s, %(param_3)s, %(param_4)s, %(param_5)s]) AND pg_catalog.pg_table_is_visible(pg_catalog.pg_class.oid) AND pg_catalog.pg_namespace.nspname != %(nspname_1)s
2025-11-27 11:52:39,910 INFO sqlalchemy.engine.Engine [cached since 0.001763s ago] {'table_name': 'seat_locks', 'param_1': 'r', 'param_2': 'p', 'param_3': 'f', 'param_4': 'v', 'param_5': 'm', 'nspname_1': 'pg_catalog'}
2025-11-27 11:52:39,910 INFO sqlalchemy.engine.Engine COMMIT
INFO:     Started server process [14497]
INFO:     Waiting for application startup.
INFO:     Application startup complete.
WARNING:  WatchFiles detected changes in 'create_admin.py'. Reloading...
INFO:     Shutting down
INFO:     Waiting for application shutdown.
INFO:     Application shutdown complete.
INFO:     Finished server process [14497]
2025-11-27 11:52:40,760 INFO sqlalchemy.engine.Engine select pg_catalog.version()
2025-11-27 11:52:40,760 INFO sqlalchemy.engine.Engine [raw sql] {}
2025-11-27 11:52:40,760 INFO sqlalchemy.engine.Engine select current_schema()
2025-11-27 11:52:40,760 INFO sqlalchemy.engine.Engine [raw sql] {}
2025-11-27 11:52:40,761 INFO sqlalchemy.engine.Engine show standard_conforming_strings
2025-11-27 11:52:40,761 INFO sqlalchemy.engine.Engine [raw sql] {}
2025-11-27 11:52:40,761 INFO sqlalchemy.engine.Engine BEGIN (implicit)
2025-11-27 11:52:40,763 INFO sqlalchemy.engine.Engine SELECT pg_catalog.pg_class.relname 
FROM pg_catalog.pg_class JOIN pg_catalog.pg_namespace ON pg_catalog.pg_namespace.oid = pg_catalog.pg_class.relnamespace 
WHERE pg_catalog.pg_class.relname = %(table_name)s AND pg_catalog.pg_class.relkind = ANY (ARRAY[%(param_1)s, %(param_2)s, %(param_3)s, %(param_4)s, %(param_5)s]) AND pg_catalog.pg_table_is_visible(pg_catalog.pg_class.oid) AND pg_catalog.pg_namespace.nspname != %(nspname_1)s
2025-11-27 11:52:40,763 INFO sqlalchemy.engine.Engine [generated in 0.00008s] {'table_name': 'users', 'param_1': 'r', 'param_2': 'p', 'param_3': 'f', 'param_4': 'v', 'param_5': 'm', 'nspname_1': 'pg_catalog'}
2025-11-27 11:52:40,764 INFO sqlalchemy.engine.Engine SELECT pg_catalog.pg_class.relname 
FROM pg_catalog.pg_class JOIN pg_catalog.pg_namespace ON pg_catalog.pg_namespace.oid = pg_catalog.pg_class.relnamespace 
WHERE pg_catalog.pg_class.relname = %(table_name)s AND pg_catalog.pg_class.relkind = ANY (ARRAY[%(param_1)s, %(param_2)s, %(param_3)s, %(param_4)s, %(param_5)s]) AND pg_catalog.pg_table_is_visible(pg_catalog.pg_class.oid) AND pg_catalog.pg_namespace.nspname != %(nspname_1)s
2025-11-27 11:52:40,764 INFO sqlalchemy.engine.Engine [cached since 0.0007498s ago] {'table_name': 'events', 'param_1': 'r', 'param_2': 'p', 'param_3': 'f', 'param_4': 'v', 'param_5': 'm', 'nspname_1': 'pg_catalog'}
2025-11-27 11:52:40,764 INFO sqlalchemy.engine.Engine SELECT pg_catalog.pg_class.relname 
FROM pg_catalog.pg_class JOIN pg_catalog.pg_namespace ON pg_catalog.pg_namespace.oid = pg_catalog.pg_class.relnamespace 
WHERE pg_catalog.pg_class.relname = %(table_name)s AND pg_catalog.pg_class.relkind = ANY (ARRAY[%(param_1)s, %(param_2)s, %(param_3)s, %(param_4)s, %(param_5)s]) AND pg_catalog.pg_table_is_visible(pg_catalog.pg_class.oid) AND pg_catalog.pg_namespace.nspname != %(nspname_1)s
2025-11-27 11:52:40,764 INFO sqlalchemy.engine.Engine [cached since 0.001003s ago] {'table_name': 'bookings', 'param_1': 'r', 'param_2': 'p', 'param_3': 'f', 'param_4': 'v', 'param_5': 'm', 'nspname_1': 'pg_catalog'}
2025-11-27 11:52:40,764 INFO sqlalchemy.engine.Engine SELECT pg_catalog.pg_class.relname 
FROM pg_catalog.pg_class JOIN pg_catalog.pg_namespace ON pg_catalog.pg_namespace.oid = pg_catalog.pg_class.relnamespace 
WHERE pg_catalog.pg_class.relname = %(table_name)s AND pg_catalog.pg_class.relkind = ANY (ARRAY[%(param_1)s, %(param_2)s, %(param_3)s, %(param_4)s, %(param_5)s]) AND pg_catalog.pg_table_is_visible(pg_catalog.pg_class.oid) AND pg_catalog.pg_namespace.nspname != %(nspname_1)s
2025-11-27 11:52:40,764 INFO sqlalchemy.engine.Engine [cached since 0.00126s ago] {'table_name': 'seats', 'param_1': 'r', 'param_2': 'p', 'param_3': 'f', 'param_4': 'v', 'param_5': 'm', 'nspname_1': 'pg_catalog'}
2025-11-27 11:52:40,764 INFO sqlalchemy.engine.Engine SELECT pg_catalog.pg_class.relname 
FROM pg_catalog.pg_class JOIN pg_catalog.pg_namespace ON pg_catalog.pg_namespace.oid = pg_catalog.pg_class.relnamespace 
WHERE pg_catalog.pg_class.relname = %(table_name)s AND pg_catalog.pg_class.relkind = ANY (ARRAY[%(param_1)s, %(param_2)s, %(param_3)s, %(param_4)s, %(param_5)s]) AND pg_catalog.pg_table_is_visible(pg_catalog.pg_class.oid) AND pg_catalog.pg_namespace.nspname != %(nspname_1)s
2025-11-27 11:52:40,764 INFO sqlalchemy.engine.Engine [cached since 0.0015s ago] {'table_name': 'seat_bookings', 'param_1': 'r', 'param_2': 'p', 'param_3': 'f', 'param_4': 'v', 'param_5': 'm', 'nspname_1': 'pg_catalog'}
2025-11-27 11:52:40,765 INFO sqlalchemy.engine.Engine SELECT pg_catalog.pg_class.relname 
FROM pg_catalog.pg_class JOIN pg_catalog.pg_namespace ON pg_catalog.pg_namespace.oid = pg_catalog.pg_class.relnamespace 
WHERE pg_catalog.pg_class.relname = %(table_name)s AND pg_catalog.pg_class.relkind = ANY (ARRAY[%(param_1)s, %(param_2)s, %(param_3)s, %(param_4)s, %(param_5)s]) AND pg_catalog.pg_table_is_visible(pg_catalog.pg_class.oid) AND pg_catalog.pg_namespace.nspname != %(nspname_1)s
2025-11-27 11:52:40,765 INFO sqlalchemy.engine.Engine [cached since 0.001726s ago] {'table_name': 'seat_locks', 'param_1': 'r', 'param_2': 'p', 'param_3': 'f', 'param_4': 'v', 'param_5': 'm', 'nspname_1': 'pg_catalog'}
2025-11-27 11:52:40,765 INFO sqlalchemy.engine.Engine COMMIT
INFO:     Started server process [14502]
INFO:     Waiting for application startup.
INFO:     Application startup complete.
WARNING:  WatchFiles detected changes in 'create_admin.py'. Reloading...
INFO:     Shutting down
INFO:     Waiting for application shutdown.
INFO:     Application shutdown complete.
INFO:     Finished server process [14502]
2025-11-27 11:52:42,120 INFO sqlalchemy.engine.Engine select pg_catalog.version()
2025-11-27 11:52:42,120 INFO sqlalchemy.engine.Engine [raw sql] {}
2025-11-27 11:52:42,120 INFO sqlalchemy.engine.Engine select current_schema()
2025-11-27 11:52:42,121 INFO sqlalchemy.engine.Engine [raw sql] {}
2025-11-27 11:52:42,121 INFO sqlalchemy.engine.Engine show standard_conforming_strings
2025-11-27 11:52:42,121 INFO sqlalchemy.engine.Engine [raw sql] {}
2025-11-27 11:52:42,121 INFO sqlalchemy.engine.Engine BEGIN (implicit)
2025-11-27 11:52:42,123 INFO sqlalchemy.engine.Engine SELECT pg_catalog.pg_class.relname 
FROM pg_catalog.pg_class JOIN pg_catalog.pg_namespace ON pg_catalog.pg_namespace.oid = pg_catalog.pg_class.relnamespace 
WHERE pg_catalog.pg_class.relname = %(table_name)s AND pg_catalog.pg_class.relkind = ANY (ARRAY[%(param_1)s, %(param_2)s, %(param_3)s, %(param_4)s, %(param_5)s]) AND pg_catalog.pg_table_is_visible(pg_catalog.pg_class.oid) AND pg_catalog.pg_namespace.nspname != %(nspname_1)s
2025-11-27 11:52:42,123 INFO sqlalchemy.engine.Engine [generated in 0.00008s] {'table_name': 'users', 'param_1': 'r', 'param_2': 'p', 'param_3': 'f', 'param_4': 'v', 'param_5': 'm', 'nspname_1': 'pg_catalog'}
2025-11-27 11:52:42,123 INFO sqlalchemy.engine.Engine SELECT pg_catalog.pg_class.relname 
FROM pg_catalog.pg_class JOIN pg_catalog.pg_namespace ON pg_catalog.pg_namespace.oid = pg_catalog.pg_class.relnamespace 
WHERE pg_catalog.pg_class.relname = %(table_name)s AND pg_catalog.pg_class.relkind = ANY (ARRAY[%(param_1)s, %(param_2)s, %(param_3)s, %(param_4)s, %(param_5)s]) AND pg_catalog.pg_table_is_visible(pg_catalog.pg_class.oid) AND pg_catalog.pg_namespace.nspname != %(nspname_1)s
2025-11-27 11:52:42,123 INFO sqlalchemy.engine.Engine [cached since 0.0006558s ago] {'table_name': 'events', 'param_1': 'r', 'param_2': 'p', 'param_3': 'f', 'param_4': 'v', 'param_5': 'm', 'nspname_1': 'pg_catalog'}
2025-11-27 11:52:42,124 INFO sqlalchemy.engine.Engine SELECT pg_catalog.pg_class.relname 
FROM pg_catalog.pg_class JOIN pg_catalog.pg_namespace ON pg_catalog.pg_namespace.oid = pg_catalog.pg_class.relnamespace 
WHERE pg_catalog.pg_class.relname = %(table_name)s AND pg_catalog.pg_class.relkind = ANY (ARRAY[%(param_1)s, %(param_2)s, %(param_3)s, %(param_4)s, %(param_5)s]) AND pg_catalog.pg_table_is_visible(pg_catalog.pg_class.oid) AND pg_catalog.pg_namespace.nspname != %(nspname_1)s
2025-11-27 11:52:42,124 INFO sqlalchemy.engine.Engine [cached since 0.0009269s ago] {'table_name': 'bookings', 'param_1': 'r', 'param_2': 'p', 'param_3': 'f', 'param_4': 'v', 'param_5': 'm', 'nspname_1': 'pg_catalog'}
2025-11-27 11:52:42,124 INFO sqlalchemy.engine.Engine SELECT pg_catalog.pg_class.relname 
FROM pg_catalog.pg_class JOIN pg_catalog.pg_namespace ON pg_catalog.pg_namespace.oid = pg_catalog.pg_class.relnamespace 
WHERE pg_catalog.pg_class.relname = %(table_name)s AND pg_catalog.pg_class.relkind = ANY (ARRAY[%(param_1)s, %(param_2)s, %(param_3)s, %(param_4)s, %(param_5)s]) AND pg_catalog.pg_table_is_visible(pg_catalog.pg_class.oid) AND pg_catalog.pg_namespace.nspname != %(nspname_1)s
2025-11-27 11:52:42,124 INFO sqlalchemy.engine.Engine [cached since 0.001205s ago] {'table_name': 'seats', 'param_1': 'r', 'param_2': 'p', 'param_3': 'f', 'param_4': 'v', 'param_5': 'm', 'nspname_1': 'pg_catalog'}
2025-11-27 11:52:42,124 INFO sqlalchemy.engine.Engine SELECT pg_catalog.pg_class.relname 
FROM pg_catalog.pg_class JOIN pg_catalog.pg_namespace ON pg_catalog.pg_namespace.oid = pg_catalog.pg_class.relnamespace 
WHERE pg_catalog.pg_class.relname = %(table_name)s AND pg_catalog.pg_class.relkind = ANY (ARRAY[%(param_1)s, %(param_2)s, %(param_3)s, %(param_4)s, %(param_5)s]) AND pg_catalog.pg_table_is_visible(pg_catalog.pg_class.oid) AND pg_catalog.pg_namespace.nspname != %(nspname_1)s
2025-11-27 11:52:42,124 INFO sqlalchemy.engine.Engine [cached since 0.001453s ago] {'table_name': 'seat_bookings', 'param_1': 'r', 'param_2': 'p', 'param_3': 'f', 'param_4': 'v', 'param_5': 'm', 'nspname_1': 'pg_catalog'}
2025-11-27 11:52:42,124 INFO sqlalchemy.engine.Engine SELECT pg_catalog.pg_class.relname 
FROM pg_catalog.pg_class JOIN pg_catalog.pg_namespace ON pg_catalog.pg_namespace.oid = pg_catalog.pg_class.relnamespace 
WHERE pg_catalog.pg_class.relname = %(table_name)s AND pg_catalog.pg_class.relkind = ANY (ARRAY[%(param_1)s, %(param_2)s, %(param_3)s, %(param_4)s, %(param_5)s]) AND pg_catalog.pg_table_is_visible(pg_catalog.pg_class.oid) AND pg_catalog.pg_namespace.nspname != %(nspname_1)s
2025-11-27 11:52:42,124 INFO sqlalchemy.engine.Engine [cached since 0.001697s ago] {'table_name': 'seat_locks', 'param_1': 'r', 'param_2': 'p', 'param_3': 'f', 'param_4': 'v', 'param_5': 'm', 'nspname_1': 'pg_catalog'}
2025-11-27 11:52:42,125 INFO sqlalchemy.engine.Engine COMMIT
INFO:     Started server process [14506]
INFO:     Waiting for application startup.
INFO:     Application startup complete.
WARNING:  WatchFiles detected changes in 'dependencies.py'. Reloading...
INFO:     Shutting down
INFO:     Waiting for application shutdown.
INFO:     Application shutdown complete.
INFO:     Finished server process [14506]
2025-11-27 11:53:03,285 INFO sqlalchemy.engine.Engine select pg_catalog.version()
2025-11-27 11:53:03,285 INFO sqlalchemy.engine.Engine [raw sql] {}
2025-11-27 11:53:03,285 INFO sqlalchemy.engine.Engine select current_schema()
2025-11-27 11:53:03,285 INFO sqlalchemy.engine.Engine [raw sql] {}
2025-11-27 11:53:03,285 INFO sqlalchemy.engine.Engine show standard_conforming_strings
2025-11-27 11:53:03,285 INFO sqlalchemy.engine.Engine [raw sql] {}
2025-11-27 11:53:03,286 INFO sqlalchemy.engine.Engine BEGIN (implicit)
2025-11-27 11:53:03,288 INFO sqlalchemy.engine.Engine SELECT pg_catalog.pg_class.relname 
FROM pg_catalog.pg_class JOIN pg_catalog.pg_namespace ON pg_catalog.pg_namespace.oid = pg_catalog.pg_class.relnamespace 
WHERE pg_catalog.pg_class.relname = %(table_name)s AND pg_catalog.pg_class.relkind = ANY (ARRAY[%(param_1)s, %(param_2)s, %(param_3)s, %(param_4)s, %(param_5)s]) AND pg_catalog.pg_table_is_visible(pg_catalog.pg_class.oid) AND pg_catalog.pg_namespace.nspname != %(nspname_1)s
2025-11-27 11:53:03,288 INFO sqlalchemy.engine.Engine [generated in 0.00009s] {'table_name': 'users', 'param_1': 'r', 'param_2': 'p', 'param_3': 'f', 'param_4': 'v', 'param_5': 'm', 'nspname_1': 'pg_catalog'}
2025-11-27 11:53:03,288 INFO sqlalchemy.engine.Engine SELECT pg_catalog.pg_class.relname 
FROM pg_catalog.pg_class JOIN pg_catalog.pg_namespace ON pg_catalog.pg_namespace.oid = pg_catalog.pg_class.relnamespace 
WHERE pg_catalog.pg_class.relname = %(table_name)s AND pg_catalog.pg_class.relkind = ANY (ARRAY[%(param_1)s, %(param_2)s, %(param_3)s, %(param_4)s, %(param_5)s]) AND pg_catalog.pg_table_is_visible(pg_catalog.pg_class.oid) AND pg_catalog.pg_namespace.nspname != %(nspname_1)s
2025-11-27 11:53:03,288 INFO sqlalchemy.engine.Engine [cached since 0.0006991s ago] {'table_name': 'events', 'param_1': 'r', 'param_2': 'p', 'param_3': 'f', 'param_4': 'v', 'param_5': 'm', 'nspname_1': 'pg_catalog'}
2025-11-27 11:53:03,288 INFO sqlalchemy.engine.Engine SELECT pg_catalog.pg_class.relname 
FROM pg_catalog.pg_class JOIN pg_catalog.pg_namespace ON pg_catalog.pg_namespace.oid = pg_catalog.pg_class.relnamespace 
WHERE pg_catalog.pg_class.relname = %(table_name)s AND pg_catalog.pg_class.relkind = ANY (ARRAY[%(param_1)s, %(param_2)s, %(param_3)s, %(param_4)s, %(param_5)s]) AND pg_catalog.pg_table_is_visible(pg_catalog.pg_class.oid) AND pg_catalog.pg_namespace.nspname != %(nspname_1)s
2025-11-27 11:53:03,288 INFO sqlalchemy.engine.Engine [cached since 0.0009596s ago] {'table_name': 'bookings', 'param_1': 'r', 'param_2': 'p', 'param_3': 'f', 'param_4': 'v', 'param_5': 'm', 'nspname_1': 'pg_catalog'}
2025-11-27 11:53:03,289 INFO sqlalchemy.engine.Engine SELECT pg_catalog.pg_class.relname 
FROM pg_catalog.pg_class JOIN pg_catalog.pg_namespace ON pg_catalog.pg_namespace.oid = pg_catalog.pg_class.relnamespace 
WHERE pg_catalog.pg_class.relname = %(table_name)s AND pg_catalog.pg_class.relkind = ANY (ARRAY[%(param_1)s, %(param_2)s, %(param_3)s, %(param_4)s, %(param_5)s]) AND pg_catalog.pg_table_is_visible(pg_catalog.pg_class.oid) AND pg_catalog.pg_namespace.nspname != %(nspname_1)s
2025-11-27 11:53:03,289 INFO sqlalchemy.engine.Engine [cached since 0.001201s ago] {'table_name': 'seats', 'param_1': 'r', 'param_2': 'p', 'param_3': 'f', 'param_4': 'v', 'param_5': 'm', 'nspname_1': 'pg_catalog'}
2025-11-27 11:53:03,289 INFO sqlalchemy.engine.Engine SELECT pg_catalog.pg_class.relname 
FROM pg_catalog.pg_class JOIN pg_catalog.pg_namespace ON pg_catalog.pg_namespace.oid = pg_catalog.pg_class.relnamespace 
WHERE pg_catalog.pg_class.relname = %(table_name)s AND pg_catalog.pg_class.relkind = ANY (ARRAY[%(param_1)s, %(param_2)s, %(param_3)s, %(param_4)s, %(param_5)s]) AND pg_catalog.pg_table_is_visible(pg_catalog.pg_class.oid) AND pg_catalog.pg_namespace.nspname != %(nspname_1)s
2025-11-27 11:53:03,289 INFO sqlalchemy.engine.Engine [cached since 0.001446s ago] {'table_name': 'seat_bookings', 'param_1': 'r', 'param_2': 'p', 'param_3': 'f', 'param_4': 'v', 'param_5': 'm', 'nspname_1': 'pg_catalog'}
2025-11-27 11:53:03,289 INFO sqlalchemy.engine.Engine SELECT pg_catalog.pg_class.relname 
FROM pg_catalog.pg_class JOIN pg_catalog.pg_namespace ON pg_catalog.pg_namespace.oid = pg_catalog.pg_class.relnamespace 
WHERE pg_catalog.pg_class.relname = %(table_name)s AND pg_catalog.pg_class.relkind = ANY (ARRAY[%(param_1)s, %(param_2)s, %(param_3)s, %(param_4)s, %(param_5)s]) AND pg_catalog.pg_table_is_visible(pg_catalog.pg_class.oid) AND pg_catalog.pg_namespace.nspname != %(nspname_1)s
2025-11-27 11:53:03,289 INFO sqlalchemy.engine.Engine [cached since 0.001673s ago] {'table_name': 'seat_locks', 'param_1': 'r', 'param_2': 'p', 'param_3': 'f', 'param_4': 'v', 'param_5': 'm', 'nspname_1': 'pg_catalog'}
2025-11-27 11:53:03,289 INFO sqlalchemy.engine.Engine COMMIT
INFO:     Started server process [14578]
INFO:     Waiting for application startup.
INFO:     Application startup complete.
WARNING:  WatchFiles detected changes in 'dependencies.py'. Reloading...
INFO:     Shutting down
INFO:     Waiting for application shutdown.
INFO:     Application shutdown complete.
INFO:     Finished server process [14578]
2025-11-27 11:54:34,596 INFO sqlalchemy.engine.Engine select pg_catalog.version()
2025-11-27 11:54:34,596 INFO sqlalchemy.engine.Engine [raw sql] {}
2025-11-27 11:54:34,596 INFO sqlalchemy.engine.Engine select current_schema()
2025-11-27 11:54:34,596 INFO sqlalchemy.engine.Engine [raw sql] {}
2025-11-27 11:54:34,596 INFO sqlalchemy.engine.Engine show standard_conforming_strings
2025-11-27 11:54:34,596 INFO sqlalchemy.engine.Engine [raw sql] {}
2025-11-27 11:54:34,597 INFO sqlalchemy.engine.Engine BEGIN (implicit)
2025-11-27 11:54:34,598 INFO sqlalchemy.engine.Engine SELECT pg_catalog.pg_class.relname 
FROM pg_catalog.pg_class JOIN pg_catalog.pg_namespace ON pg_catalog.pg_namespace.oid = pg_catalog.pg_class.relnamespace 
WHERE pg_catalog.pg_class.relname = %(table_name)s AND pg_catalog.pg_class.relkind = ANY (ARRAY[%(param_1)s, %(param_2)s, %(param_3)s, %(param_4)s, %(param_5)s]) AND pg_catalog.pg_table_is_visible(pg_catalog.pg_class.oid) AND pg_catalog.pg_namespace.nspname != %(nspname_1)s
2025-11-27 11:54:34,598 INFO sqlalchemy.engine.Engine [generated in 0.00008s] {'table_name': 'users', 'param_1': 'r', 'param_2': 'p', 'param_3': 'f', 'param_4': 'v', 'param_5': 'm', 'nspname_1': 'pg_catalog'}
2025-11-27 11:54:34,599 INFO sqlalchemy.engine.Engine SELECT pg_catalog.pg_class.relname 
FROM pg_catalog.pg_class JOIN pg_catalog.pg_namespace ON pg_catalog.pg_namespace.oid = pg_catalog.pg_class.relnamespace 
WHERE pg_catalog.pg_class.relname = %(table_name)s AND pg_catalog.pg_class.relkind = ANY (ARRAY[%(param_1)s, %(param_2)s, %(param_3)s, %(param_4)s, %(param_5)s]) AND pg_catalog.pg_table_is_visible(pg_catalog.pg_class.oid) AND pg_catalog.pg_namespace.nspname != %(nspname_1)s
2025-11-27 11:54:34,599 INFO sqlalchemy.engine.Engine [cached since 0.0006824s ago] {'table_name': 'events', 'param_1': 'r', 'param_2': 'p', 'param_3': 'f', 'param_4': 'v', 'param_5': 'm', 'nspname_1': 'pg_catalog'}
2025-11-27 11:54:34,599 INFO sqlalchemy.engine.Engine SELECT pg_catalog.pg_class.relname 
FROM pg_catalog.pg_class JOIN pg_catalog.pg_namespace ON pg_catalog.pg_namespace.oid = pg_catalog.pg_class.relnamespace 
WHERE pg_catalog.pg_class.relname = %(table_name)s AND pg_catalog.pg_class.relkind = ANY (ARRAY[%(param_1)s, %(param_2)s, %(param_3)s, %(param_4)s, %(param_5)s]) AND pg_catalog.pg_table_is_visible(pg_catalog.pg_class.oid) AND pg_catalog.pg_namespace.nspname != %(nspname_1)s
2025-11-27 11:54:34,599 INFO sqlalchemy.engine.Engine [cached since 0.0009399s ago] {'table_name': 'bookings', 'param_1': 'r', 'param_2': 'p', 'param_3': 'f', 'param_4': 'v', 'param_5': 'm', 'nspname_1': 'pg_catalog'}
2025-11-27 11:54:34,599 INFO sqlalchemy.engine.Engine SELECT pg_catalog.pg_class.relname 
FROM pg_catalog.pg_class JOIN pg_catalog.pg_namespace ON pg_catalog.pg_namespace.oid = pg_catalog.pg_class.relnamespace 
WHERE pg_catalog.pg_class.relname = %(table_name)s AND pg_catalog.pg_class.relkind = ANY (ARRAY[%(param_1)s, %(param_2)s, %(param_3)s, %(param_4)s, %(param_5)s]) AND pg_catalog.pg_table_is_visible(pg_catalog.pg_class.oid) AND pg_catalog.pg_namespace.nspname != %(nspname_1)s
2025-11-27 11:54:34,600 INFO sqlalchemy.engine.Engine [cached since 0.001186s ago] {'table_name': 'seats', 'param_1': 'r', 'param_2': 'p', 'param_3': 'f', 'param_4': 'v', 'param_5': 'm', 'nspname_1': 'pg_catalog'}
2025-11-27 11:54:34,600 INFO sqlalchemy.engine.Engine SELECT pg_catalog.pg_class.relname 
FROM pg_catalog.pg_class JOIN pg_catalog.pg_namespace ON pg_catalog.pg_namespace.oid = pg_catalog.pg_class.relnamespace 
WHERE pg_catalog.pg_class.relname = %(table_name)s AND pg_catalog.pg_class.relkind = ANY (ARRAY[%(param_1)s, %(param_2)s, %(param_3)s, %(param_4)s, %(param_5)s]) AND pg_catalog.pg_table_is_visible(pg_catalog.pg_class.oid) AND pg_catalog.pg_namespace.nspname != %(nspname_1)s
2025-11-27 11:54:34,600 INFO sqlalchemy.engine.Engine [cached since 0.001415s ago] {'table_name': 'seat_bookings', 'param_1': 'r', 'param_2': 'p', 'param_3': 'f', 'param_4': 'v', 'param_5': 'm', 'nspname_1': 'pg_catalog'}
2025-11-27 11:54:34,600 INFO sqlalchemy.engine.Engine SELECT pg_catalog.pg_class.relname 
FROM pg_catalog.pg_class JOIN pg_catalog.pg_namespace ON pg_catalog.pg_namespace.oid = pg_catalog.pg_class.relnamespace 
WHERE pg_catalog.pg_class.relname = %(table_name)s AND pg_catalog.pg_class.relkind = ANY (ARRAY[%(param_1)s, %(param_2)s, %(param_3)s, %(param_4)s, %(param_5)s]) AND pg_catalog.pg_table_is_visible(pg_catalog.pg_class.oid) AND pg_catalog.pg_namespace.nspname != %(nspname_1)s
2025-11-27 11:54:34,600 INFO sqlalchemy.engine.Engine [cached since 0.001657s ago] {'table_name': 'seat_locks', 'param_1': 'r', 'param_2': 'p', 'param_3': 'f', 'param_4': 'v', 'param_5': 'm', 'nspname_1': 'pg_catalog'}
2025-11-27 11:54:34,600 INFO sqlalchemy.engine.Engine COMMIT
INFO:     Started server process [15093]
INFO:     Waiting for application startup.
INFO:     Application startup complete.
2025-11-27 11:54:40,732 INFO sqlalchemy.engine.Engine BEGIN (implicit)
2025-11-27 11:54:40,733 INFO sqlalchemy.engine.Engine SELECT users.id AS users_id, users.email AS users_email, users.username AS users_username, users.full_name AS users_full_name, users.hashed_password AS users_hashed_password, users.is_admin AS users_is_admin, users.is_active AS users_is_active, users.created_at AS users_created_at, users.updated_at AS users_updated_at 
FROM users 
WHERE users.username = %(username_1)s 
 LIMIT %(param_1)s
2025-11-27 11:54:40,733 INFO sqlalchemy.engine.Engine [generated in 0.00009s] {'username_1': 'Admin', 'param_1': 1}
DEBUG: Using current admin user: id=9, username=Admin
2025-11-27 11:54:40,735 INFO sqlalchemy.engine.Engine SELECT events.id AS events_id, events.name AS events_name, events.description AS events_description, events.event_date AS events_event_date, events.location AS events_location, events.total_seats AS events_total_seats, events.available_seats AS events_available_seats, events.price AS events_price, events.image_url AS events_image_url, events.is_active AS events_is_active, events.rows AS events_rows, events.seats_per_row AS events_seats_per_row, events.created_at AS events_created_at, events.updated_at AS events_updated_at, events.created_by AS events_created_by 
FROM events 
WHERE events.id = %(id_1)s 
 LIMIT %(param_1)s
2025-11-27 11:54:40,735 INFO sqlalchemy.engine.Engine [generated in 0.00007s] {'id_1': 6, 'param_1': 1}
2025-11-27 11:54:40,736 INFO sqlalchemy.engine.Engine SELECT seats.id AS seats_id, seats.event_id AS seats_event_id, seats.row_number AS seats_row_number, seats.seat_number AS seats_seat_number, seats.is_available AS seats_is_available, seats.created_at AS seats_created_at 
FROM seats 
WHERE seats.id IN (%(id_1_1)s, %(id_1_2)s) AND seats.event_id = %(event_id_1)s
2025-11-27 11:54:40,736 INFO sqlalchemy.engine.Engine [generated in 0.00009s] {'event_id_1': 6, 'id_1_1': 460, 'id_1_2': 486}
2025-11-27 11:54:40,737 INFO sqlalchemy.engine.Engine SELECT seat_bookings.id AS seat_bookings_id, seat_bookings.booking_id AS seat_bookings_booking_id, seat_bookings.seat_id AS seat_bookings_seat_id, seat_bookings.created_at AS seat_bookings_created_at 
FROM seat_bookings JOIN bookings ON bookings.id = seat_bookings.booking_id 
WHERE seat_bookings.seat_id = %(seat_id_1)s AND bookings.status = %(status_1)s 
 LIMIT %(param_1)s
2025-11-27 11:54:40,737 INFO sqlalchemy.engine.Engine [generated in 0.00007s] {'seat_id_1': 460, 'status_1': 'confirmed', 'param_1': 1}
2025-11-27 11:54:40,738 INFO sqlalchemy.engine.Engine SELECT seat_bookings.id AS seat_bookings_id, seat_bookings.booking_id AS seat_bookings_booking_id, seat_bookings.seat_id AS seat_bookings_seat_id, seat_bookings.created_at AS seat_bookings_created_at 
FROM seat_bookings JOIN bookings ON bookings.id = seat_bookings.booking_id 
WHERE seat_bookings.seat_id = %(seat_id_1)s AND bookings.status = %(status_1)s 
 LIMIT %(param_1)s
2025-11-27 11:54:40,738 INFO sqlalchemy.engine.Engine [cached since 0.0007472s ago] {'seat_id_1': 486, 'status_1': 'confirmed', 'param_1': 1}
2025-11-27 11:54:40,739 INFO sqlalchemy.engine.Engine INSERT INTO bookings (user_id, event_id, seats_booked, status, total_price, updated_at) VALUES (%(user_id)s, %(event_id)s, %(seats_booked)s, %(status)s, %(total_price)s, %(updated_at)s) RETURNING bookings.id, bookings.booking_date, bookings.created_at
2025-11-27 11:54:40,739 INFO sqlalchemy.engine.Engine [generated in 0.00007s] {'user_id': 9, 'event_id': 6, 'seats_booked': 2, 'status': 'confirmed', 'total_price': 2.0, 'updated_at': None}
2025-11-27 11:54:40,740 INFO sqlalchemy.engine.Engine UPDATE seats SET is_available=%(is_available)s WHERE seats.id = %(id_1)s
2025-11-27 11:54:40,740 INFO sqlalchemy.engine.Engine [generated in 0.00007s] {'is_available': False, 'id_1': 460}
2025-11-27 11:54:40,740 INFO sqlalchemy.engine.Engine UPDATE seats SET is_available=%(is_available)s WHERE seats.id = %(id_1)s
2025-11-27 11:54:40,741 INFO sqlalchemy.engine.Engine [cached since 0.0005483s ago] {'is_available': False, 'id_1': 486}
2025-11-27 11:54:40,741 INFO sqlalchemy.engine.Engine UPDATE events SET available_seats=(events.available_seats - %(available_seats_1)s), updated_at=now() WHERE events.id = %(id_1)s
2025-11-27 11:54:40,741 INFO sqlalchemy.engine.Engine [generated in 0.00006s] {'available_seats_1': 2, 'id_1': 6}
2025-11-27 11:54:40,742 INFO sqlalchemy.engine.Engine INSERT INTO seat_bookings (booking_id, seat_id) SELECT p0::INTEGER, p1::INTEGER FROM (VALUES (%(booking_id__0)s, %(seat_id__0)s, 0), (%(booking_id__1)s, %(seat_id__1)s, 1)) AS imp_sen(p0, p1, sen_counter) ORDER BY sen_counter RETURNING seat_bookings.id, seat_bookings.created_at, seat_bookings.id AS id__1
2025-11-27 11:54:40,742 INFO sqlalchemy.engine.Engine [generated in 0.00003s (insertmanyvalues) 1/1 (ordered)] {'booking_id__0': 25, 'seat_id__0': 460, 'booking_id__1': 25, 'seat_id__1': 486}
2025-11-27 11:54:40,746 INFO sqlalchemy.engine.Engine COMMIT
2025-11-27 11:54:40,747 INFO sqlalchemy.engine.Engine BEGIN (implicit)
2025-11-27 11:54:40,748 INFO sqlalchemy.engine.Engine SELECT bookings.id, bookings.user_id, bookings.event_id, bookings.seats_booked, bookings.booking_date, bookings.status, bookings.total_price, bookings.created_at, bookings.updated_at 
FROM bookings 
WHERE bookings.id = %(pk_1)s
2025-11-27 11:54:40,748 INFO sqlalchemy.engine.Engine [generated in 0.00009s] {'pk_1': 25}
2025-11-27 11:54:40,749 INFO sqlalchemy.engine.Engine SELECT users.id AS users_id, users.email AS users_email, users.username AS users_username, users.full_name AS users_full_name, users.hashed_password AS users_hashed_password, users.is_admin AS users_is_admin, users.is_active AS users_is_active, users.created_at AS users_created_at, users.updated_at AS users_updated_at 
FROM users 
WHERE users.id = %(pk_1)s
2025-11-27 11:54:40,749 INFO sqlalchemy.engine.Engine [generated in 0.00009s] {'pk_1': 9}
2025-11-27 11:54:40,750 INFO sqlalchemy.engine.Engine ROLLBACK
INFO:     127.0.0.1:46254 - "POST /api/admin/bookings HTTP/1.1" 200 OK
2025-11-27 11:54:40,816 INFO sqlalchemy.engine.Engine BEGIN (implicit)
2025-11-27 11:54:40,817 INFO sqlalchemy.engine.Engine SELECT events.id AS events_id, events.name AS events_name, events.description AS events_description, events.event_date AS events_event_date, events.location AS events_location, events.total_seats AS events_total_seats, events.available_seats AS events_available_seats, events.price AS events_price, events.image_url AS events_image_url, events.is_active AS events_is_active, events.rows AS events_rows, events.seats_per_row AS events_seats_per_row, events.created_at AS events_created_at, events.updated_at AS events_updated_at, events.created_by AS events_created_by 
FROM events 
WHERE events.id = %(id_1)s 
 LIMIT %(param_1)s
2025-11-27 11:54:40,817 INFO sqlalchemy.engine.Engine [cached since 0.08203s ago] {'id_1': 6, 'param_1': 1}
2025-11-27 11:54:40,822 INFO sqlalchemy.engine.Engine BEGIN (implicit)
2025-11-27 11:54:40,822 INFO sqlalchemy.engine.Engine SELECT users.id AS users_id, users.email AS users_email, users.username AS users_username, users.full_name AS users_full_name, users.hashed_password AS users_hashed_password, users.is_admin AS users_is_admin, users.is_active AS users_is_active, users.created_at AS users_created_at, users.updated_at AS users_updated_at 
FROM users 
WHERE users.username = %(username_1)s 
 LIMIT %(param_1)s
2025-11-27 11:54:40,822 INFO sqlalchemy.engine.Engine [cached since 0.08957s ago] {'username_1': 'Admin', 'param_1': 1}
2025-11-27 11:54:40,824 INFO sqlalchemy.engine.Engine SELECT events.id AS events_id, events.name AS events_name, events.description AS events_description, events.event_date AS events_event_date, events.location AS events_location, events.total_seats AS events_total_seats, events.available_seats AS events_available_seats, events.price AS events_price, events.image_url AS events_image_url, events.is_active AS events_is_active, events.rows AS events_rows, events.seats_per_row AS events_seats_per_row, events.created_at AS events_created_at, events.updated_at AS events_updated_at, events.created_by AS events_created_by 
FROM events 
WHERE events.id = %(id_1)s 
 LIMIT %(param_1)s
2025-11-27 11:54:40,824 INFO sqlalchemy.engine.Engine [cached since 0.08929s ago] {'id_1': 6, 'param_1': 1}
2025-11-27 11:54:40,825 INFO sqlalchemy.engine.Engine SELECT bookings.id AS bookings_id, bookings.user_id AS bookings_user_id, bookings.event_id AS bookings_event_id, bookings.seats_booked AS bookings_seats_booked, bookings.booking_date AS bookings_booking_date, bookings.status AS bookings_status, bookings.total_price AS bookings_total_price, bookings.created_at AS bookings_created_at, bookings.updated_at AS bookings_updated_at 
FROM bookings 
WHERE %(param_1)s = bookings.event_id
2025-11-27 11:54:40,825 INFO sqlalchemy.engine.Engine [generated in 0.00007s] {'param_1': 6}
2025-11-27 11:54:40,826 INFO sqlalchemy.engine.Engine SELECT seat_bookings.id AS seat_bookings_id, seat_bookings.seat_id AS seat_bookings_seat_id, seats.row_number AS seats_row_number, seats.seat_number AS seats_seat_number 
FROM seat_bookings JOIN seats ON seats.id = seat_bookings.seat_id 
WHERE seat_bookings.booking_id = %(booking_id_1)s
2025-11-27 11:54:40,826 INFO sqlalchemy.engine.Engine [generated in 0.00006s] {'booking_id_1': 13}
2025-11-27 11:54:40,827 INFO sqlalchemy.engine.Engine SELECT seat_bookings.id AS seat_bookings_id, seat_bookings.seat_id AS seat_bookings_seat_id, seats.row_number AS seats_row_number, seats.seat_number AS seats_seat_number 
FROM seat_bookings JOIN seats ON seats.id = seat_bookings.seat_id 
WHERE seat_bookings.booking_id = %(booking_id_1)s
2025-11-27 11:54:40,827 INFO sqlalchemy.engine.Engine [cached since 0.0009183s ago] {'booking_id_1': 15}
2025-11-27 11:54:40,827 INFO sqlalchemy.engine.Engine SELECT seat_bookings.id AS seat_bookings_id, seat_bookings.seat_id AS seat_bookings_seat_id, seats.row_number AS seats_row_number, seats.seat_number AS seats_seat_number 
FROM seat_bookings JOIN seats ON seats.id = seat_bookings.seat_id 
WHERE seat_bookings.booking_id = %(booking_id_1)s
2025-11-27 11:54:40,827 INFO sqlalchemy.engine.Engine [cached since 0.001344s ago] {'booking_id_1': 11}
2025-11-27 11:54:40,828 INFO sqlalchemy.engine.Engine SELECT seat_bookings.id AS seat_bookings_id, seat_bookings.seat_id AS seat_bookings_seat_id, seats.row_number AS seats_row_number, seats.seat_number AS seats_seat_number 
FROM seat_bookings JOIN seats ON seats.id = seat_bookings.seat_id 
WHERE seat_bookings.booking_id = %(booking_id_1)s
2025-11-27 11:54:40,828 INFO sqlalchemy.engine.Engine [cached since 0.001704s ago] {'booking_id_1': 14}
2025-11-27 11:54:40,828 INFO sqlalchemy.engine.Engine SELECT seat_bookings.id AS seat_bookings_id, seat_bookings.seat_id AS seat_bookings_seat_id, seats.row_number AS seats_row_number, seats.seat_number AS seats_seat_number 
FROM seat_bookings JOIN seats ON seats.id = seat_bookings.seat_id 
WHERE seat_bookings.booking_id = %(booking_id_1)s
2025-11-27 11:54:40,828 INFO sqlalchemy.engine.Engine [cached since 0.002095s ago] {'booking_id_1': 25}
2025-11-27 11:54:40,829 INFO sqlalchemy.engine.Engine SELECT users.id AS users_id, users.email AS users_email, users.username AS users_username, users.full_name AS users_full_name, users.hashed_password AS users_hashed_password, users.is_admin AS users_is_admin, users.is_active AS users_is_active, users.created_at AS users_created_at, users.updated_at AS users_updated_at 
FROM users 
WHERE users.id = %(pk_1)s
2025-11-27 11:54:40,829 INFO sqlalchemy.engine.Engine [generated in 0.00007s] {'pk_1': 8}
2025-11-27 11:54:40,833 INFO sqlalchemy.engine.Engine SELECT users.id AS users_id, users.email AS users_email, users.username AS users_username, users.full_name AS users_full_name, users.hashed_password AS users_hashed_password, users.is_admin AS users_is_admin, users.is_active AS users_is_active, users.created_at AS users_created_at, users.updated_at AS users_updated_at 
FROM users 
WHERE users.id = %(pk_1)s
2025-11-27 11:54:40,833 INFO sqlalchemy.engine.Engine [cached since 0.003859s ago] {'pk_1': 4}
2025-11-27 11:54:40,838 INFO sqlalchemy.engine.Engine BEGIN (implicit)
2025-11-27 11:54:40,838 INFO sqlalchemy.engine.Engine SELECT users.id AS users_id, users.email AS users_email, users.username AS users_username, users.full_name AS users_full_name, users.hashed_password AS users_hashed_password, users.is_admin AS users_is_admin, users.is_active AS users_is_active, users.created_at AS users_created_at, users.updated_at AS users_updated_at 
FROM users 
WHERE users.username = %(username_1)s 
 LIMIT %(param_1)s
2025-11-27 11:54:40,838 INFO sqlalchemy.engine.Engine [cached since 0.1051s ago] {'username_1': 'Admin', 'param_1': 1}
2025-11-27 11:54:40,839 INFO sqlalchemy.engine.Engine SELECT events.id AS events_id, events.name AS events_name, events.description AS events_description, events.event_date AS events_event_date, events.location AS events_location, events.total_seats AS events_total_seats, events.available_seats AS events_available_seats, events.price AS events_price, events.image_url AS events_image_url, events.is_active AS events_is_active, events.rows AS events_rows, events.seats_per_row AS events_seats_per_row, events.created_at AS events_created_at, events.updated_at AS events_updated_at, events.created_by AS events_created_by 
FROM events 
WHERE events.id = %(id_1)s 
 LIMIT %(param_1)s
2025-11-27 11:54:40,839 INFO sqlalchemy.engine.Engine [cached since 0.1043s ago] {'id_1': 6, 'param_1': 1}
2025-11-27 11:54:40,840 INFO sqlalchemy.engine.Engine SELECT seats.id AS seats_id, seats.event_id AS seats_event_id, seats.row_number AS seats_row_number, seats.seat_number AS seats_seat_number, seats.is_available AS seats_is_available, seats.created_at AS seats_created_at 
FROM seats 
WHERE seats.event_id = %(event_id_1)s ORDER BY seats.row_number, seats.seat_number
2025-11-27 11:54:40,840 INFO sqlalchemy.engine.Engine [generated in 0.00006s] {'event_id_1': 6}
2025-11-27 11:54:40,841 INFO sqlalchemy.engine.Engine SELECT seat_bookings.id AS seat_bookings_id, seat_bookings.booking_id AS seat_bookings_booking_id, seat_bookings.seat_id AS seat_bookings_seat_id, seat_bookings.created_at AS seat_bookings_created_at 
FROM seat_bookings JOIN seats ON seats.id = seat_bookings.seat_id 
WHERE seats.event_id = %(event_id_1)s
2025-11-27 11:54:40,841 INFO sqlalchemy.engine.Engine [generated in 0.00006s] {'event_id_1': 6}
2025-11-27 11:54:40,842 INFO sqlalchemy.engine.Engine SELECT bookings.id AS bookings_id, bookings.user_id AS bookings_user_id, bookings.event_id AS bookings_event_id, bookings.seats_booked AS bookings_seats_booked, bookings.booking_date AS bookings_booking_date, bookings.status AS bookings_status, bookings.total_price AS bookings_total_price, bookings.created_at AS bookings_created_at, bookings.updated_at AS bookings_updated_at 
FROM bookings 
WHERE bookings.id = %(id_1)s AND bookings.status = %(status_1)s 
 LIMIT %(param_1)s
2025-11-27 11:54:40,842 INFO sqlalchemy.engine.Engine [generated in 0.00006s] {'id_1': 13, 'status_1': 'confirmed', 'param_1': 1}
2025-11-27 11:54:40,842 INFO sqlalchemy.engine.Engine SELECT bookings.id AS bookings_id, bookings.user_id AS bookings_user_id, bookings.event_id AS bookings_event_id, bookings.seats_booked AS bookings_seats_booked, bookings.booking_date AS bookings_booking_date, bookings.status AS bookings_status, bookings.total_price AS bookings_total_price, bookings.created_at AS bookings_created_at, bookings.updated_at AS bookings_updated_at 
FROM bookings 
WHERE bookings.id = %(id_1)s AND bookings.status = %(status_1)s 
 LIMIT %(param_1)s
2025-11-27 11:54:40,842 INFO sqlalchemy.engine.Engine [cached since 0.0005373s ago] {'id_1': 13, 'status_1': 'confirmed', 'param_1': 1}
2025-11-27 11:54:40,843 INFO sqlalchemy.engine.Engine SELECT bookings.id AS bookings_id, bookings.user_id AS bookings_user_id, bookings.event_id AS bookings_event_id, bookings.seats_booked AS bookings_seats_booked, bookings.booking_date AS bookings_booking_date, bookings.status AS bookings_status, bookings.total_price AS bookings_total_price, bookings.created_at AS bookings_created_at, bookings.updated_at AS bookings_updated_at 
FROM bookings 
WHERE bookings.id = %(id_1)s AND bookings.status = %(status_1)s 
 LIMIT %(param_1)s
2025-11-27 11:54:40,843 INFO sqlalchemy.engine.Engine [cached since 0.0009284s ago] {'id_1': 13, 'status_1': 'confirmed', 'param_1': 1}
2025-11-27 11:54:40,843 INFO sqlalchemy.engine.Engine SELECT bookings.id AS bookings_id, bookings.user_id AS bookings_user_id, bookings.event_id AS bookings_event_id, bookings.seats_booked AS bookings_seats_booked, bookings.booking_date AS bookings_booking_date, bookings.status AS bookings_status, bookings.total_price AS bookings_total_price, bookings.created_at AS bookings_created_at, bookings.updated_at AS bookings_updated_at 
FROM bookings 
WHERE bookings.id = %(id_1)s AND bookings.status = %(status_1)s 
 LIMIT %(param_1)s
2025-11-27 11:54:40,843 INFO sqlalchemy.engine.Engine [cached since 0.00128s ago] {'id_1': 14, 'status_1': 'confirmed', 'param_1': 1}
2025-11-27 11:54:40,844 INFO sqlalchemy.engine.Engine SELECT users.id AS users_id, users.email AS users_email, users.username AS users_username, users.full_name AS users_full_name, users.hashed_password AS users_hashed_password, users.is_admin AS users_is_admin, users.is_active AS users_is_active, users.created_at AS users_created_at, users.updated_at AS users_updated_at 
FROM users 
WHERE users.id = %(id_1)s 
 LIMIT %(param_1)s
2025-11-27 11:54:40,844 INFO sqlalchemy.engine.Engine [generated in 0.00006s] {'id_1': 8, 'param_1': 1}
2025-11-27 11:54:40,844 INFO sqlalchemy.engine.Engine SELECT bookings.id AS bookings_id, bookings.user_id AS bookings_user_id, bookings.event_id AS bookings_event_id, bookings.seats_booked AS bookings_seats_booked, bookings.booking_date AS bookings_booking_date, bookings.status AS bookings_status, bookings.total_price AS bookings_total_price, bookings.created_at AS bookings_created_at, bookings.updated_at AS bookings_updated_at 
FROM bookings 
WHERE bookings.id = %(id_1)s AND bookings.status = %(status_1)s 
 LIMIT %(param_1)s
2025-11-27 11:54:40,844 INFO sqlalchemy.engine.Engine [cached since 0.002211s ago] {'id_1': 14, 'status_1': 'confirmed', 'param_1': 1}
2025-11-27 11:54:40,844 INFO sqlalchemy.engine.Engine SELECT users.id AS users_id, users.email AS users_email, users.username AS users_username, users.full_name AS users_full_name, users.hashed_password AS users_hashed_password, users.is_admin AS users_is_admin, users.is_active AS users_is_active, users.created_at AS users_created_at, users.updated_at AS users_updated_at 
FROM users 
WHERE users.id = %(id_1)s 
 LIMIT %(param_1)s
2025-11-27 11:54:40,844 INFO sqlalchemy.engine.Engine [cached since 0.0007782s ago] {'id_1': 8, 'param_1': 1}
2025-11-27 11:54:40,845 INFO sqlalchemy.engine.Engine SELECT bookings.id AS bookings_id, bookings.user_id AS bookings_user_id, bookings.event_id AS bookings_event_id, bookings.seats_booked AS bookings_seats_booked, bookings.booking_date AS bookings_booking_date, bookings.status AS bookings_status, bookings.total_price AS bookings_total_price, bookings.created_at AS bookings_created_at, bookings.updated_at AS bookings_updated_at 
FROM bookings 
WHERE bookings.id = %(id_1)s AND bookings.status = %(status_1)s 
 LIMIT %(param_1)s
2025-11-27 11:54:40,845 INFO sqlalchemy.engine.Engine [cached since 0.002865s ago] {'id_1': 14, 'status_1': 'confirmed', 'param_1': 1}
2025-11-27 11:54:40,845 INFO sqlalchemy.engine.Engine SELECT users.id AS users_id, users.email AS users_email, users.username AS users_username, users.full_name AS users_full_name, users.hashed_password AS users_hashed_password, users.is_admin AS users_is_admin, users.is_active AS users_is_active, users.created_at AS users_created_at, users.updated_at AS users_updated_at 
FROM users 
WHERE users.id = %(id_1)s 
 LIMIT %(param_1)s
2025-11-27 11:54:40,845 INFO sqlalchemy.engine.Engine [cached since 0.001489s ago] {'id_1': 8, 'param_1': 1}
2025-11-27 11:54:40,845 INFO sqlalchemy.engine.Engine SELECT bookings.id AS bookings_id, bookings.user_id AS bookings_user_id, bookings.event_id AS bookings_event_id, bookings.seats_booked AS bookings_seats_booked, bookings.booking_date AS bookings_booking_date, bookings.status AS bookings_status, bookings.total_price AS bookings_total_price, bookings.created_at AS bookings_created_at, bookings.updated_at AS bookings_updated_at 
FROM bookings 
WHERE bookings.id = %(id_1)s AND bookings.status = %(status_1)s 
 LIMIT %(param_1)s
2025-11-27 11:54:40,845 INFO sqlalchemy.engine.Engine [cached since 0.003582s ago] {'id_1': 14, 'status_1': 'confirmed', 'param_1': 1}
2025-11-27 11:54:40,846 INFO sqlalchemy.engine.Engine SELECT users.id AS users_id, users.email AS users_email, users.username AS users_username, users.full_name AS users_full_name, users.hashed_password AS users_hashed_password, users.is_admin AS users_is_admin, users.is_active AS users_is_active, users.created_at AS users_created_at, users.updated_at AS users_updated_at 
FROM users 
WHERE users.id = %(id_1)s 
 LIMIT %(param_1)s
2025-11-27 11:54:40,846 INFO sqlalchemy.engine.Engine [cached since 0.002115s ago] {'id_1': 8, 'param_1': 1}
2025-11-27 11:54:40,846 INFO sqlalchemy.engine.Engine SELECT bookings.id AS bookings_id, bookings.user_id AS bookings_user_id, bookings.event_id AS bookings_event_id, bookings.seats_booked AS bookings_seats_booked, bookings.booking_date AS bookings_booking_date, bookings.status AS bookings_status, bookings.total_price AS bookings_total_price, bookings.created_at AS bookings_created_at, bookings.updated_at AS bookings_updated_at 
FROM bookings 
WHERE bookings.id = %(id_1)s AND bookings.status = %(status_1)s 
 LIMIT %(param_1)s
2025-11-27 11:54:40,846 INFO sqlalchemy.engine.Engine [cached since 0.004198s ago] {'id_1': 15, 'status_1': 'confirmed', 'param_1': 1}
2025-11-27 11:54:40,846 INFO sqlalchemy.engine.Engine SELECT users.id AS users_id, users.email AS users_email, users.username AS users_username, users.full_name AS users_full_name, users.hashed_password AS users_hashed_password, users.is_admin AS users_is_admin, users.is_active AS users_is_active, users.created_at AS users_created_at, users.updated_at AS users_updated_at 
FROM users 
WHERE users.id = %(id_1)s 
 LIMIT %(param_1)s
2025-11-27 11:54:40,846 INFO sqlalchemy.engine.Engine [cached since 0.002737s ago] {'id_1': 8, 'param_1': 1}
2025-11-27 11:54:40,847 INFO sqlalchemy.engine.Engine SELECT bookings.id AS bookings_id, bookings.user_id AS bookings_user_id, bookings.event_id AS bookings_event_id, bookings.seats_booked AS bookings_seats_booked, bookings.booking_date AS bookings_booking_date, bookings.status AS bookings_status, bookings.total_price AS bookings_total_price, bookings.created_at AS bookings_created_at, bookings.updated_at AS bookings_updated_at 
FROM bookings 
WHERE bookings.id = %(id_1)s AND bookings.status = %(status_1)s 
 LIMIT %(param_1)s
2025-11-27 11:54:40,847 INFO sqlalchemy.engine.Engine [cached since 0.004821s ago] {'id_1': 15, 'status_1': 'confirmed', 'param_1': 1}
2025-11-27 11:54:40,847 INFO sqlalchemy.engine.Engine SELECT users.id AS users_id, users.email AS users_email, users.username AS users_username, users.full_name AS users_full_name, users.hashed_password AS users_hashed_password, users.is_admin AS users_is_admin, users.is_active AS users_is_active, users.created_at AS users_created_at, users.updated_at AS users_updated_at 
FROM users 
WHERE users.id = %(id_1)s 
 LIMIT %(param_1)s
2025-11-27 11:54:40,847 INFO sqlalchemy.engine.Engine [cached since 0.003349s ago] {'id_1': 8, 'param_1': 1}
2025-11-27 11:54:40,847 INFO sqlalchemy.engine.Engine SELECT bookings.id AS bookings_id, bookings.user_id AS bookings_user_id, bookings.event_id AS bookings_event_id, bookings.seats_booked AS bookings_seats_booked, bookings.booking_date AS bookings_booking_date, bookings.status AS bookings_status, bookings.total_price AS bookings_total_price, bookings.created_at AS bookings_created_at, bookings.updated_at AS bookings_updated_at 
FROM bookings 
WHERE bookings.id = %(id_1)s AND bookings.status = %(status_1)s 
 LIMIT %(param_1)s
2025-11-27 11:54:40,847 INFO sqlalchemy.engine.Engine [cached since 0.005435s ago] {'id_1': 25, 'status_1': 'confirmed', 'param_1': 1}
2025-11-27 11:54:40,847 INFO sqlalchemy.engine.Engine SELECT users.id AS users_id, users.email AS users_email, users.username AS users_username, users.full_name AS users_full_name, users.hashed_password AS users_hashed_password, users.is_admin AS users_is_admin, users.is_active AS users_is_active, users.created_at AS users_created_at, users.updated_at AS users_updated_at 
FROM users 
WHERE users.id = %(id_1)s 
 LIMIT %(param_1)s
2025-11-27 11:54:40,848 INFO sqlalchemy.engine.Engine [cached since 0.003969s ago] {'id_1': 9, 'param_1': 1}
2025-11-27 11:54:40,848 INFO sqlalchemy.engine.Engine SELECT bookings.id AS bookings_id, bookings.user_id AS bookings_user_id, bookings.event_id AS bookings_event_id, bookings.seats_booked AS bookings_seats_booked, bookings.booking_date AS bookings_booking_date, bookings.status AS bookings_status, bookings.total_price AS bookings_total_price, bookings.created_at AS bookings_created_at, bookings.updated_at AS bookings_updated_at 
FROM bookings 
WHERE bookings.id = %(id_1)s AND bookings.status = %(status_1)s 
 LIMIT %(param_1)s
2025-11-27 11:54:40,848 INFO sqlalchemy.engine.Engine [cached since 0.00604s ago] {'id_1': 25, 'status_1': 'confirmed', 'param_1': 1}
2025-11-27 11:54:40,848 INFO sqlalchemy.engine.Engine SELECT users.id AS users_id, users.email AS users_email, users.username AS users_username, users.full_name AS users_full_name, users.hashed_password AS users_hashed_password, users.is_admin AS users_is_admin, users.is_active AS users_is_active, users.created_at AS users_created_at, users.updated_at AS users_updated_at 
FROM users 
WHERE users.id = %(id_1)s 
 LIMIT %(param_1)s
2025-11-27 11:54:40,848 INFO sqlalchemy.engine.Engine [cached since 0.004572s ago] {'id_1': 9, 'param_1': 1}
2025-11-27 11:54:40,849 INFO sqlalchemy.engine.Engine ROLLBACK
2025-11-27 11:54:40,849 INFO sqlalchemy.engine.Engine ROLLBACK
2025-11-27 11:54:40,849 INFO sqlalchemy.engine.Engine ROLLBACK
INFO:     127.0.0.1:46266 - "GET /api/admin/seats/event/6 HTTP/1.1" 200 OK
INFO:     127.0.0.1:46262 - "GET /api/admin/events/6/bookings HTTP/1.1" 200 OK
INFO:     127.0.0.1:46254 - "GET /api/events/6 HTTP/1.1" 200 OK
WARNING:  WatchFiles detected changes in 'dependencies.py'. Reloading...
INFO:     Shutting down
INFO:     Waiting for application shutdown.
INFO:     Application shutdown complete.
INFO:     Finished server process [15093]
2025-11-27 11:54:42,798 INFO sqlalchemy.engine.Engine select pg_catalog.version()
2025-11-27 11:54:42,799 INFO sqlalchemy.engine.Engine [raw sql] {}
2025-11-27 11:54:42,799 INFO sqlalchemy.engine.Engine select current_schema()
2025-11-27 11:54:42,799 INFO sqlalchemy.engine.Engine [raw sql] {}
2025-11-27 11:54:42,799 INFO sqlalchemy.engine.Engine show standard_conforming_strings
2025-11-27 11:54:42,799 INFO sqlalchemy.engine.Engine [raw sql] {}
2025-11-27 11:54:42,799 INFO sqlalchemy.engine.Engine BEGIN (implicit)
2025-11-27 11:54:42,801 INFO sqlalchemy.engine.Engine SELECT pg_catalog.pg_class.relname 
FROM pg_catalog.pg_class JOIN pg_catalog.pg_namespace ON pg_catalog.pg_namespace.oid = pg_catalog.pg_class.relnamespace 
WHERE pg_catalog.pg_class.relname = %(table_name)s AND pg_catalog.pg_class.relkind = ANY (ARRAY[%(param_1)s, %(param_2)s, %(param_3)s, %(param_4)s, %(param_5)s]) AND pg_catalog.pg_table_is_visible(pg_catalog.pg_class.oid) AND pg_catalog.pg_namespace.nspname != %(nspname_1)s
2025-11-27 11:54:42,801 INFO sqlalchemy.engine.Engine [generated in 0.00008s] {'table_name': 'users', 'param_1': 'r', 'param_2': 'p', 'param_3': 'f', 'param_4': 'v', 'param_5': 'm', 'nspname_1': 'pg_catalog'}
2025-11-27 11:54:42,802 INFO sqlalchemy.engine.Engine SELECT pg_catalog.pg_class.relname 
FROM pg_catalog.pg_class JOIN pg_catalog.pg_namespace ON pg_catalog.pg_namespace.oid = pg_catalog.pg_class.relnamespace 
WHERE pg_catalog.pg_class.relname = %(table_name)s AND pg_catalog.pg_class.relkind = ANY (ARRAY[%(param_1)s, %(param_2)s, %(param_3)s, %(param_4)s, %(param_5)s]) AND pg_catalog.pg_table_is_visible(pg_catalog.pg_class.oid) AND pg_catalog.pg_namespace.nspname != %(nspname_1)s
2025-11-27 11:54:42,802 INFO sqlalchemy.engine.Engine [cached since 0.0006771s ago] {'table_name': 'events', 'param_1': 'r', 'param_2': 'p', 'param_3': 'f', 'param_4': 'v', 'param_5': 'm', 'nspname_1': 'pg_catalog'}
2025-11-27 11:54:42,802 INFO sqlalchemy.engine.Engine SELECT pg_catalog.pg_class.relname 
FROM pg_catalog.pg_class JOIN pg_catalog.pg_namespace ON pg_catalog.pg_namespace.oid = pg_catalog.pg_class.relnamespace 
WHERE pg_catalog.pg_class.relname = %(table_name)s AND pg_catalog.pg_class.relkind = ANY (ARRAY[%(param_1)s, %(param_2)s, %(param_3)s, %(param_4)s, %(param_5)s]) AND pg_catalog.pg_table_is_visible(pg_catalog.pg_class.oid) AND pg_catalog.pg_namespace.nspname != %(nspname_1)s
2025-11-27 11:54:42,802 INFO sqlalchemy.engine.Engine [cached since 0.0009866s ago] {'table_name': 'bookings', 'param_1': 'r', 'param_2': 'p', 'param_3': 'f', 'param_4': 'v', 'param_5': 'm', 'nspname_1': 'pg_catalog'}
2025-11-27 11:54:42,802 INFO sqlalchemy.engine.Engine SELECT pg_catalog.pg_class.relname 
FROM pg_catalog.pg_class JOIN pg_catalog.pg_namespace ON pg_catalog.pg_namespace.oid = pg_catalog.pg_class.relnamespace 
WHERE pg_catalog.pg_class.relname = %(table_name)s AND pg_catalog.pg_class.relkind = ANY (ARRAY[%(param_1)s, %(param_2)s, %(param_3)s, %(param_4)s, %(param_5)s]) AND pg_catalog.pg_table_is_visible(pg_catalog.pg_class.oid) AND pg_catalog.pg_namespace.nspname != %(nspname_1)s
2025-11-27 11:54:42,802 INFO sqlalchemy.engine.Engine [cached since 0.001282s ago] {'table_name': 'seats', 'param_1': 'r', 'param_2': 'p', 'param_3': 'f', 'param_4': 'v', 'param_5': 'm', 'nspname_1': 'pg_catalog'}
2025-11-27 11:54:42,803 INFO sqlalchemy.engine.Engine SELECT pg_catalog.pg_class.relname 
FROM pg_catalog.pg_class JOIN pg_catalog.pg_namespace ON pg_catalog.pg_namespace.oid = pg_catalog.pg_class.relnamespace 
WHERE pg_catalog.pg_class.relname = %(table_name)s AND pg_catalog.pg_class.relkind = ANY (ARRAY[%(param_1)s, %(param_2)s, %(param_3)s, %(param_4)s, %(param_5)s]) AND pg_catalog.pg_table_is_visible(pg_catalog.pg_class.oid) AND pg_catalog.pg_namespace.nspname != %(nspname_1)s
2025-11-27 11:54:42,803 INFO sqlalchemy.engine.Engine [cached since 0.001523s ago] {'table_name': 'seat_bookings', 'param_1': 'r', 'param_2': 'p', 'param_3': 'f', 'param_4': 'v', 'param_5': 'm', 'nspname_1': 'pg_catalog'}
2025-11-27 11:54:42,803 INFO sqlalchemy.engine.Engine SELECT pg_catalog.pg_class.relname 
FROM pg_catalog.pg_class JOIN pg_catalog.pg_namespace ON pg_catalog.pg_namespace.oid = pg_catalog.pg_class.relnamespace 
WHERE pg_catalog.pg_class.relname = %(table_name)s AND pg_catalog.pg_class.relkind = ANY (ARRAY[%(param_1)s, %(param_2)s, %(param_3)s, %(param_4)s, %(param_5)s]) AND pg_catalog.pg_table_is_visible(pg_catalog.pg_class.oid) AND pg_catalog.pg_namespace.nspname != %(nspname_1)s
2025-11-27 11:54:42,803 INFO sqlalchemy.engine.Engine [cached since 0.001747s ago] {'table_name': 'seat_locks', 'param_1': 'r', 'param_2': 'p', 'param_3': 'f', 'param_4': 'v', 'param_5': 'm', 'nspname_1': 'pg_catalog'}
2025-11-27 11:54:42,803 INFO sqlalchemy.engine.Engine COMMIT
INFO:     Started server process [15163]
INFO:     Waiting for application startup.
INFO:     Application startup complete.
Login attempt for username: Admin
Admin username from settings: Admin
Admin credentials matched successfully
Admin token created successfully for user: Admin
INFO:     127.0.0.1:40350 - "POST /api/auth/login HTTP/1.1" 200 OK
2025-11-27 11:55:09,148 INFO sqlalchemy.engine.Engine BEGIN (implicit)
2025-11-27 11:55:09,149 INFO sqlalchemy.engine.Engine SELECT users.id AS users_id, users.email AS users_email, users.username AS users_username, users.full_name AS users_full_name, users.hashed_password AS users_hashed_password, users.is_admin AS users_is_admin, users.is_active AS users_is_active, users.created_at AS users_created_at, users.updated_at AS users_updated_at 
FROM users 
WHERE users.username = %(username_1)s 
 LIMIT %(param_1)s
2025-11-27 11:55:09,149 INFO sqlalchemy.engine.Engine [generated in 0.00016s] {'username_1': 'Admin', 'param_1': 1}
DEBUG: Using current admin user: id=9, username=Admin
2025-11-27 11:55:09,151 INFO sqlalchemy.engine.Engine SELECT events.id AS events_id, events.name AS events_name, events.description AS events_description, events.event_date AS events_event_date, events.location AS events_location, events.total_seats AS events_total_seats, events.available_seats AS events_available_seats, events.price AS events_price, events.image_url AS events_image_url, events.is_active AS events_is_active, events.rows AS events_rows, events.seats_per_row AS events_seats_per_row, events.created_at AS events_created_at, events.updated_at AS events_updated_at, events.created_by AS events_created_by 
FROM events 
WHERE events.id = %(id_1)s 
 LIMIT %(param_1)s
2025-11-27 11:55:09,151 INFO sqlalchemy.engine.Engine [generated in 0.00007s] {'id_1': 1, 'param_1': 1}
2025-11-27 11:55:09,153 INFO sqlalchemy.engine.Engine SELECT seats.id AS seats_id, seats.event_id AS seats_event_id, seats.row_number AS seats_row_number, seats.seat_number AS seats_seat_number, seats.is_available AS seats_is_available, seats.created_at AS seats_created_at 
FROM seats 
WHERE seats.id IN (%(id_1_1)s) AND seats.event_id = %(event_id_1)s
2025-11-27 11:55:09,153 INFO sqlalchemy.engine.Engine [generated in 0.00010s] {'event_id_1': 1, 'id_1_1': 1}
2025-11-27 11:55:09,154 INFO sqlalchemy.engine.Engine SELECT seat_bookings.id AS seat_bookings_id, seat_bookings.booking_id AS seat_bookings_booking_id, seat_bookings.seat_id AS seat_bookings_seat_id, seat_bookings.created_at AS seat_bookings_created_at 
FROM seat_bookings JOIN bookings ON bookings.id = seat_bookings.booking_id 
WHERE seat_bookings.seat_id = %(seat_id_1)s AND bookings.status = %(status_1)s 
 LIMIT %(param_1)s
2025-11-27 11:55:09,154 INFO sqlalchemy.engine.Engine [generated in 0.00007s] {'seat_id_1': 1, 'status_1': 'confirmed', 'param_1': 1}
2025-11-27 11:55:09,155 INFO sqlalchemy.engine.Engine INSERT INTO bookings (user_id, event_id, seats_booked, status, total_price, updated_at) VALUES (%(user_id)s, %(event_id)s, %(seats_booked)s, %(status)s, %(total_price)s, %(updated_at)s) RETURNING bookings.id, bookings.booking_date, bookings.created_at
2025-11-27 11:55:09,155 INFO sqlalchemy.engine.Engine [generated in 0.00007s] {'user_id': 9, 'event_id': 1, 'seats_booked': 1, 'status': 'confirmed', 'total_price': 100000.0, 'updated_at': None}
2025-11-27 11:55:09,157 INFO sqlalchemy.engine.Engine UPDATE seats SET is_available=%(is_available)s WHERE seats.id = %(id_1)s
2025-11-27 11:55:09,157 INFO sqlalchemy.engine.Engine [generated in 0.00007s] {'is_available': False, 'id_1': 1}
2025-11-27 11:55:09,161 INFO sqlalchemy.engine.Engine UPDATE events SET available_seats=(events.available_seats - %(available_seats_1)s), updated_at=now() WHERE events.id = %(id_1)s
2025-11-27 11:55:09,161 INFO sqlalchemy.engine.Engine [generated in 0.00007s] {'available_seats_1': 1, 'id_1': 1}
2025-11-27 11:55:09,161 INFO sqlalchemy.engine.Engine INSERT INTO seat_bookings (booking_id, seat_id) VALUES (%(booking_id)s, %(seat_id)s) RETURNING seat_bookings.id, seat_bookings.created_at
2025-11-27 11:55:09,161 INFO sqlalchemy.engine.Engine [generated in 0.00006s] {'booking_id': 26, 'seat_id': 1}
2025-11-27 11:55:09,162 INFO sqlalchemy.engine.Engine COMMIT
2025-11-27 11:55:09,163 INFO sqlalchemy.engine.Engine BEGIN (implicit)
2025-11-27 11:55:09,164 INFO sqlalchemy.engine.Engine SELECT bookings.id, bookings.user_id, bookings.event_id, bookings.seats_booked, bookings.booking_date, bookings.status, bookings.total_price, bookings.created_at, bookings.updated_at 
FROM bookings 
WHERE bookings.id = %(pk_1)s
2025-11-27 11:55:09,164 INFO sqlalchemy.engine.Engine [generated in 0.00006s] {'pk_1': 26}
2025-11-27 11:55:09,164 INFO sqlalchemy.engine.Engine SELECT users.id AS users_id, users.email AS users_email, users.username AS users_username, users.full_name AS users_full_name, users.hashed_password AS users_hashed_password, users.is_admin AS users_is_admin, users.is_active AS users_is_active, users.created_at AS users_created_at, users.updated_at AS users_updated_at 
FROM users 
WHERE users.id = %(pk_1)s
2025-11-27 11:55:09,164 INFO sqlalchemy.engine.Engine [generated in 0.00006s] {'pk_1': 9}
2025-11-27 11:55:09,165 INFO sqlalchemy.engine.Engine ROLLBACK
INFO:     127.0.0.1:52792 - "POST /api/admin/bookings HTTP/1.1" 200 OK
WARNING:  WatchFiles detected changes in 'dependencies.py'. Reloading...
INFO:     Shutting down
INFO:     Waiting for application shutdown.
INFO:     Application shutdown complete.
INFO:     Finished server process [15163]
2025-11-27 11:55:26,064 INFO sqlalchemy.engine.Engine select pg_catalog.version()
2025-11-27 11:55:26,064 INFO sqlalchemy.engine.Engine [raw sql] {}
2025-11-27 11:55:26,065 INFO sqlalchemy.engine.Engine select current_schema()
2025-11-27 11:55:26,065 INFO sqlalchemy.engine.Engine [raw sql] {}
2025-11-27 11:55:26,065 INFO sqlalchemy.engine.Engine show standard_conforming_strings
2025-11-27 11:55:26,065 INFO sqlalchemy.engine.Engine [raw sql] {}
2025-11-27 11:55:26,065 INFO sqlalchemy.engine.Engine BEGIN (implicit)
2025-11-27 11:55:26,067 INFO sqlalchemy.engine.Engine SELECT pg_catalog.pg_class.relname 
FROM pg_catalog.pg_class JOIN pg_catalog.pg_namespace ON pg_catalog.pg_namespace.oid = pg_catalog.pg_class.relnamespace 
WHERE pg_catalog.pg_class.relname = %(table_name)s AND pg_catalog.pg_class.relkind = ANY (ARRAY[%(param_1)s, %(param_2)s, %(param_3)s, %(param_4)s, %(param_5)s]) AND pg_catalog.pg_table_is_visible(pg_catalog.pg_class.oid) AND pg_catalog.pg_namespace.nspname != %(nspname_1)s
2025-11-27 11:55:26,067 INFO sqlalchemy.engine.Engine [generated in 0.00008s] {'table_name': 'users', 'param_1': 'r', 'param_2': 'p', 'param_3': 'f', 'param_4': 'v', 'param_5': 'm', 'nspname_1': 'pg_catalog'}
2025-11-27 11:55:26,068 INFO sqlalchemy.engine.Engine SELECT pg_catalog.pg_class.relname 
FROM pg_catalog.pg_class JOIN pg_catalog.pg_namespace ON pg_catalog.pg_namespace.oid = pg_catalog.pg_class.relnamespace 
WHERE pg_catalog.pg_class.relname = %(table_name)s AND pg_catalog.pg_class.relkind = ANY (ARRAY[%(param_1)s, %(param_2)s, %(param_3)s, %(param_4)s, %(param_5)s]) AND pg_catalog.pg_table_is_visible(pg_catalog.pg_class.oid) AND pg_catalog.pg_namespace.nspname != %(nspname_1)s
2025-11-27 11:55:26,068 INFO sqlalchemy.engine.Engine [cached since 0.0008s ago] {'table_name': 'events', 'param_1': 'r', 'param_2': 'p', 'param_3': 'f', 'param_4': 'v', 'param_5': 'm', 'nspname_1': 'pg_catalog'}
2025-11-27 11:55:26,068 INFO sqlalchemy.engine.Engine SELECT pg_catalog.pg_class.relname 
FROM pg_catalog.pg_class JOIN pg_catalog.pg_namespace ON pg_catalog.pg_namespace.oid = pg_catalog.pg_class.relnamespace 
WHERE pg_catalog.pg_class.relname = %(table_name)s AND pg_catalog.pg_class.relkind = ANY (ARRAY[%(param_1)s, %(param_2)s, %(param_3)s, %(param_4)s, %(param_5)s]) AND pg_catalog.pg_table_is_visible(pg_catalog.pg_class.oid) AND pg_catalog.pg_namespace.nspname != %(nspname_1)s
2025-11-27 11:55:26,068 INFO sqlalchemy.engine.Engine [cached since 0.0011s ago] {'table_name': 'bookings', 'param_1': 'r', 'param_2': 'p', 'param_3': 'f', 'param_4': 'v', 'param_5': 'm', 'nspname_1': 'pg_catalog'}
2025-11-27 11:55:26,068 INFO sqlalchemy.engine.Engine SELECT pg_catalog.pg_class.relname 
FROM pg_catalog.pg_class JOIN pg_catalog.pg_namespace ON pg_catalog.pg_namespace.oid = pg_catalog.pg_class.relnamespace 
WHERE pg_catalog.pg_class.relname = %(table_name)s AND pg_catalog.pg_class.relkind = ANY (ARRAY[%(param_1)s, %(param_2)s, %(param_3)s, %(param_4)s, %(param_5)s]) AND pg_catalog.pg_table_is_visible(pg_catalog.pg_class.oid) AND pg_catalog.pg_namespace.nspname != %(nspname_1)s
2025-11-27 11:55:26,068 INFO sqlalchemy.engine.Engine [cached since 0.001392s ago] {'table_name': 'seats', 'param_1': 'r', 'param_2': 'p', 'param_3': 'f', 'param_4': 'v', 'param_5': 'm', 'nspname_1': 'pg_catalog'}
2025-11-27 11:55:26,068 INFO sqlalchemy.engine.Engine SELECT pg_catalog.pg_class.relname 
FROM pg_catalog.pg_class JOIN pg_catalog.pg_namespace ON pg_catalog.pg_namespace.oid = pg_catalog.pg_class.relnamespace 
WHERE pg_catalog.pg_class.relname = %(table_name)s AND pg_catalog.pg_class.relkind = ANY (ARRAY[%(param_1)s, %(param_2)s, %(param_3)s, %(param_4)s, %(param_5)s]) AND pg_catalog.pg_table_is_visible(pg_catalog.pg_class.oid) AND pg_catalog.pg_namespace.nspname != %(nspname_1)s
2025-11-27 11:55:26,068 INFO sqlalchemy.engine.Engine [cached since 0.001637s ago] {'table_name': 'seat_bookings', 'param_1': 'r', 'param_2': 'p', 'param_3': 'f', 'param_4': 'v', 'param_5': 'm', 'nspname_1': 'pg_catalog'}
2025-11-27 11:55:26,069 INFO sqlalchemy.engine.Engine SELECT pg_catalog.pg_class.relname 
FROM pg_catalog.pg_class JOIN pg_catalog.pg_namespace ON pg_catalog.pg_namespace.oid = pg_catalog.pg_class.relnamespace 
WHERE pg_catalog.pg_class.relname = %(table_name)s AND pg_catalog.pg_class.relkind = ANY (ARRAY[%(param_1)s, %(param_2)s, %(param_3)s, %(param_4)s, %(param_5)s]) AND pg_catalog.pg_table_is_visible(pg_catalog.pg_class.oid) AND pg_catalog.pg_namespace.nspname != %(nspname_1)s
2025-11-27 11:55:26,069 INFO sqlalchemy.engine.Engine [cached since 0.001873s ago] {'table_name': 'seat_locks', 'param_1': 'r', 'param_2': 'p', 'param_3': 'f', 'param_4': 'v', 'param_5': 'm', 'nspname_1': 'pg_catalog'}
2025-11-27 11:55:26,069 INFO sqlalchemy.engine.Engine COMMIT
INFO:     Started server process [15513]
INFO:     Waiting for application startup.
INFO:     Application startup complete.
INFO:     Shutting down
INFO:     Waiting for application shutdown.
INFO:     Application shutdown complete.
INFO:     Finished server process [15513]
INFO:     Stopping reloader process [14246]
